#
# A fatal error has been detected by the Java Runtime Environment:
#
#  EXCEPTION_ACCESS_VIOLATION (0xc0000005) at pc=0x00007ff98790fe10, pid=15696, tid=15104
#
# JRE version: OpenJDK Runtime Environment Temurin-25.0.2+10 (25.0.2+10) (build 25.0.2+10-LTS)
# Java VM: OpenJDK 64-Bit Server VM Temurin-25.0.2+10 (25.0.2+10-LTS, mixed mode, sharing, tiered, compressed oops, compressed class ptrs, g1 gc, windows-amd64)
# Problematic frame:
# V  [jvm.dll+0x3afe10]
#
# No core dump will be written. Minidumps are not enabled by default on client versions of Windows
#
# If you would like to submit a bug report, please visit:
#   https://github.com/adoptium/adoptium-support/issues
#

---------------  S U M M A R Y ------------

Command Line: --add-opens=java.base/java.lang=ALL-UNNAMED --add-opens=java.base/java.lang.invoke=ALL-UNNAMED --add-opens=java.base/java.util=ALL-UNNAMED --add-opens=java.prefs/java.util.prefs=ALL-UNNAMED --add-exports=jdk.compiler/com.sun.tools.javac.api=ALL-UNNAMED --add-exports=jdk.compiler/com.sun.tools.javac.util=ALL-UNNAMED --add-opens=java.base/java.util=ALL-UNNAMED --add-opens=java.prefs/java.util.prefs=ALL-UNNAMED --add-opens=java.base/java.nio.charset=ALL-UNNAMED --add-opens=java.base/java.net=ALL-UNNAMED --add-opens=java.base/java.util.concurrent=ALL-UNNAMED --add-opens=java.base/java.util.concurrent.atomic=ALL-UNNAMED --add-opens=java.xml/javax.xml.namespace=ALL-UNNAMED --add-opens=java.base/java.time=ALL-UNNAMED --enable-native-access=ALL-UNNAMED -Xmx2048m -Dfile.encoding=UTF-8 -Duser.country=AU -Duser.language=en -Duser.variant -javaagent:C:\Users\LJGYX\.gradle\wrapper\dists\gradle-9.3.1-bin\23ovyewtku6u96viwx3xl3oks\gradle-9.3.1\lib\agents\gradle-instrumentation-agent-9.3.1.jar org.gradle.launcher.daemon.bootstrap.GradleDaemon 9.3.1

Host: 13th Gen Intel(R) Core(TM) i7-13700KF, 24 cores, 31G,  Windows 11 , 64 bit Build 26100 (10.0.26100.8115)
Time: Tue Apr  7 20:25:11 2026 FLE Summer Time elapsed time: 49.524588 seconds (0d 0h 0m 49s)

---------------  T H R E A D  ---------------

Current thread (0x0000000027eb10d0):  WorkerThread "GC Thread#8"    [id=15104, stack(0x0000000028fd0000,0x00000000290d0000) (1024K)]

Stack: [0x0000000028fd0000,0x00000000290d0000],  sp=0x00000000290cf918,  free space=1022k
Native frames: (J=compiled Java code, j=interpreted, Vv=VM code, C=native code)
V  [jvm.dll+0x3afe10]  (no source info available)


siginfo: EXCEPTION_ACCESS_VIOLATION (0xc0000005), reading address 0x0000000033000008


Registers:
RAX=0x0000000000000000, RBX=0x0000000000000000, RCX=0x0000000000200758, RDX=0x0000000033000000
RSP=0x00000000290cf918, RBP=0x00000000290cf9a0, RSI=0x0000000002df1930, RDI=0x0000000033000000
R8 =0x0000000000200758, R9 =0x0000000000000000, R10=0x0000000000000000, R11=0x0000000000000000
R12=0x00000000290cfa00, R13=0x000000002c3887f0, R14=0x000000000000952d, R15=0x0000000000200758
RIP=0x00007ff98790fe10, EFLAGS=0x0000000000010206

XMM[0]=0x00000010002cb418 0x0000000000000049
XMM[1]=0x0000000000000000 0x0000000000000000
XMM[2]=0x000000008264f1e8 0x0000000000000000
XMM[3]=0x0000000000000000 0x826549f882646138
XMM[4]=0x0000000000000000 0x826516c000000000
XMM[5]=0x000000008a76b690 0x0000000000000000
XMM[6]=0x0000000000000000 0x0000000000000000
XMM[7]=0x0000000000000000 0x0000000000000000
XMM[8]=0x0000000000000000 0x0000000000000000
XMM[9]=0x0000000000000000 0x0000000000000000
XMM[10]=0x0000000000000000 0x0000000000000000
XMM[11]=0x0000000000000000 0x0000000000000000
XMM[12]=0x0000000000000000 0x0000000000000000
XMM[13]=0x0000000000000000 0x0000000000000000
XMM[14]=0x0000000000000000 0x0000000000000000
XMM[15]=0x0000000000000000 0x0000000000000000
  MXCSR=0x00001fa0


Register to memory mapping:

RAX=0x0 is null
RBX=0x0 is null
RCX=2099032 is a compressed pointer to class: 0x0000000033200758
java.util.HashMap {0x0000000033200760}
 - instance size:     6
 - klass size:        128
 - access:            public synchronized 
 - flags:             rewritten has_nonstatic_fields has_nonstatic_concrete_methods defined_by_boot_loader has_localvariable_table has_miranda_methods has_final_method has_resolved_methods 
 - state:             fully_initialized
 - name:              'java/util/HashMap'
 - super:             'java/util/AbstractMap'
 - sub:               'com/sun/tools/javac/comp/CompileStates'   'org/antlr/v4/runtime/atn/Transition$1'   'groovy/lang/SpreadMap'   'org/codehaus/groovy/classgen/FinalVariableAnalyzer$StateMap'   (3 more klasses...)
 - arrays:            null
 - methods:           Array<T>(0x000000003381d5a0)
 - method ordering:   Array<T>(0x00000000336b7b88)
 - local interfaces:  Array<T>(0x000000003381d768)
 - trans. interfaces: Array<T>(0x000000003381d788)
 - secondary supers: Array<T>(0x000000003381c190)
 - hash_slot:         58
 - secondary bitmap: 0x0000002100000001
 - constants:         constant pool [629] {0x000000003381c1b8} for 'java/util/HashMap' cache=0x000000003347d648
 - class loader data:  loader data: 0x0000000020dfc190 of 'bootstrap'
 - source file:       'HashMap.java'
 - generic signature: '<K:Ljava/lang/Object;V:Ljava/lang/Object;>Ljava/util/AbstractMap<TK;TV;>;Ljava/util/Map<TK;TV;>;Ljava/lang/Cloneable;Ljava/io/Serializable;'
 - inner classes:     Array<T>(0x00000000336b7af8)
 - nest members:     Array<T>(0x00000000336b7cd8)
 - permitted subclasses:     Array<T>(0x000000003369fb60)
 - java mirror:       a 'java/lang/Class'{0x00000000ffea84c8} = 'java/util/HashMap'
 - vtable length      39  (start addr: 0x0000000033200930)
 - itable length      29 (start addr: 0x0000000033200a68)
 - ---- static fields (4 words):
 - private static final 'serialVersionUID' 'J' @120 
 - static final 'DEFAULT_INITIAL_CAPACITY' 'I' @128 
 - static final 'MAXIMUM_CAPACITY' 'I' @132 
 - static final 'DEFAULT_LOAD_FACTOR' 'F' @136 
 - static final 'TREEIFY_THRESHOLD' 'I' @140 
 - static final 'UNTREEIFY_THRESHOLD' 'I' @144 
 - static final 'MIN_TREEIFY_CAPACITY' 'I' @148 
 - ---- non-static fields (8 words):
 - transient 'keySet' 'Ljava/util/Set;' @12 
 - transient 'values' 'Ljava/util/Collection;' @16 
 - transient 'table' '[Ljava/util/HashMap$Node;' @20 
 - transient 'entrySet' 'Ljava/util/Set;' @24 
 - transient 'size' 'I' @28 
 - transient 'modCount' 'I' @32 
 - 'threshold' 'I' @36 
 - final 'loadFactor' 'F' @40 
 - non-static oop maps (1 entries): 12-24 
RDX=0x0000000033000000 points into nKlass protection zone
RSP=0x00000000290cf918 points into unknown readable memory: 0x00007ff9879573de | de 73 95 87 f9 7f 00 00
RBP=0x00000000290cf9a0 points into unknown readable memory: 0x0000000000000040 | 40 00 00 00 00 00 00 00
RSI=0x0000000002df1930 points into unknown readable memory: 0x0000000000000000 | 00 00 00 00 00 00 00 00
RDI=0x0000000033000000 points into nKlass protection zone
R8 =2099032 is a compressed pointer to class: 0x0000000033200758
java.util.HashMap {0x0000000033200760}
 - instance size:     6
 - klass size:        128
 - access:            public synchronized 
 - flags:             rewritten has_nonstatic_fields has_nonstatic_concrete_methods defined_by_boot_loader has_localvariable_table has_miranda_methods has_final_method has_resolved_methods 
 - state:             fully_initialized
 - name:              'java/util/HashMap'
 - super:             'java/util/AbstractMap'
 - sub:               'com/sun/tools/javac/comp/CompileStates'   'org/antlr/v4/runtime/atn/Transition$1'   'groovy/lang/SpreadMap'   'org/codehaus/groovy/classgen/FinalVariableAnalyzer$StateMap'   (3 more klasses...)
 - arrays:            null
 - methods:           Array<T>(0x000000003381d5a0)
 - method ordering:   Array<T>(0x00000000336b7b88)
 - local interfaces:  Array<T>(0x000000003381d768)
 - trans. interfaces: Array<T>(0x000000003381d788)
 - secondary supers: Array<T>(0x000000003381c190)
 - hash_slot:         58
 - secondary bitmap: 0x0000002100000001
 - constants:         constant pool [629] {0x000000003381c1b8} for 'java/util/HashMap' cache=0x000000003347d648
 - class loader data:  loader data: 0x0000000020dfc190 of 'bootstrap'
 - source file:       'HashMap.java'
 - generic signature: '<K:Ljava/lang/Object;V:Ljava/lang/Object;>Ljava/util/AbstractMap<TK;TV;>;Ljava/util/Map<TK;TV;>;Ljava/lang/Cloneable;Ljava/io/Serializable;'
 - inner classes:     Array<T>(0x00000000336b7af8)
 - nest members:     Array<T>(0x00000000336b7cd8)
 - permitted subclasses:     Array<T>(0x000000003369fb60)
 - java mirror:       a 'java/lang/Class'{0x00000000ffea84c8} = 'java/util/HashMap'
 - vtable length      39  (start addr: 0x0000000033200930)
 - itable length      29 (start addr: 0x0000000033200a68)
 - ---- static fields (4 words):
 - private static final 'serialVersionUID' 'J' @120 
 - static final 'DEFAULT_INITIAL_CAPACITY' 'I' @128 
 - static final 'MAXIMUM_CAPACITY' 'I' @132 
 - static final 'DEFAULT_LOAD_FACTOR' 'F' @136 
 - static final 'TREEIFY_THRESHOLD' 'I' @140 
 - static final 'UNTREEIFY_THRESHOLD' 'I' @144 
 - static final 'MIN_TREEIFY_CAPACITY' 'I' @148 
 - ---- non-static fields (8 words):
 - transient 'keySet' 'Ljava/util/Set;' @12 
 - transient 'values' 'Ljava/util/Collection;' @16 
 - transient 'table' '[Ljava/util/HashMap$Node;' @20 
 - transient 'entrySet' 'Ljava/util/Set;' @24 
 - transient 'size' 'I' @28 
 - transient 'modCount' 'I' @32 
 - 'threshold' 'I' @36 
 - final 'loadFactor' 'F' @40 
 - non-static oop maps (1 entries): 12-24 
R9 =0x0 is null
R10=0x0 is null
R11=0x0 is null
R12=0x00000000290cfa00 points into unknown readable memory: 0x000000002c000000 | 00 00 00 2c 00 00 00 00
R13=0x000000002c3887f0 points into unknown readable memory: 0x00007ff9880d8ea8 | a8 8e 0d 88 f9 7f 00 00
R14=0x000000000000952d is an unknown value
R15=2099032 is a compressed pointer to class: 0x0000000033200758
java.util.HashMap {0x0000000033200760}
 - instance size:     6
 - klass size:        128
 - access:            public synchronized 
 - flags:             rewritten has_nonstatic_fields has_nonstatic_concrete_methods defined_by_boot_loader has_localvariable_table has_miranda_methods has_final_method has_resolved_methods 
 - state:             fully_initialized
 - name:              'java/util/HashMap'
 - super:             'java/util/AbstractMap'
 - sub:               'com/sun/tools/javac/comp/CompileStates'   'org/antlr/v4/runtime/atn/Transition$1'   'groovy/lang/SpreadMap'   'org/codehaus/groovy/classgen/FinalVariableAnalyzer$StateMap'   (3 more klasses...)
 - arrays:            null
 - methods:           Array<T>(0x000000003381d5a0)
 - method ordering:   Array<T>(0x00000000336b7b88)
 - local interfaces:  Array<T>(0x000000003381d768)
 - trans. interfaces: Array<T>(0x000000003381d788)
 - secondary supers: Array<T>(0x000000003381c190)
 - hash_slot:         58
 - secondary bitmap: 0x0000002100000001
 - constants:         constant pool [629] {0x000000003381c1b8} for 'java/util/HashMap' cache=0x000000003347d648
 - class loader data:  loader data: 0x0000000020dfc190 of 'bootstrap'
 - source file:       'HashMap.java'
 - generic signature: '<K:Ljava/lang/Object;V:Ljava/lang/Object;>Ljava/util/AbstractMap<TK;TV;>;Ljava/util/Map<TK;TV;>;Ljava/lang/Cloneable;Ljava/io/Serializable;'
 - inner classes:     Array<T>(0x00000000336b7af8)
 - nest members:     Array<T>(0x00000000336b7cd8)
 - permitted subclasses:     Array<T>(0x000000003369fb60)
 - java mirror:       a 'java/lang/Class'{0x00000000ffea84c8} = 'java/util/HashMap'
 - vtable length      39  (start addr: 0x0000000033200930)
 - itable length      29 (start addr: 0x0000000033200a68)
 - ---- static fields (4 words):
 - private static final 'serialVersionUID' 'J' @120 
 - static final 'DEFAULT_INITIAL_CAPACITY' 'I' @128 
 - static final 'MAXIMUM_CAPACITY' 'I' @132 
 - static final 'DEFAULT_LOAD_FACTOR' 'F' @136 
 - static final 'TREEIFY_THRESHOLD' 'I' @140 
 - static final 'UNTREEIFY_THRESHOLD' 'I' @144 
 - static final 'MIN_TREEIFY_CAPACITY' 'I' @148 
 - ---- non-static fields (8 words):
 - transient 'keySet' 'Ljava/util/Set;' @12 
 - transient 'values' 'Ljava/util/Collection;' @16 
 - transient 'table' '[Ljava/util/HashMap$Node;' @20 
 - transient 'entrySet' 'Ljava/util/Set;' @24 
 - transient 'size' 'I' @28 
 - transient 'modCount' 'I' @32 
 - 'threshold' 'I' @36 
 - final 'loadFactor' 'F' @40 
 - non-static oop maps (1 entries): 12-24 

Top of Stack: (sp=0x00000000290cf918)
0x00000000290cf918:   00007ff9879573de 0000000000000000   .s..............
0x00000000290cf928:   0000000033200758 00000000290cf9a0   X. 3.......)....
0x00000000290cf938:   00000000332cb418 0000000000000000   ..,3............
0x00000000290cf948:   0000000000000000 0000000035139910   ...........5....
0x00000000290cf958:   00007ff987950001 000000002c000001   ...........,....
0x00000000290cf968:   00007ff987d4f51f 0000000000000000   ................
0x00000000290cf978:   0000000000000006 0000000000000021   ........!.......
0x00000000290cf988:   0000000000000030 0000000020dc7770   0.......pw. ....
0x00000000290cf998:   00007ff98795ca51 0000000000000040   Q.......@.......
0x00000000290cf9a8:   0000000002def480 0000000000000000   ................
0x00000000290cf9b8:   000000002c3887f0 00000000290cfa60   ..8,....`..)....
0x00000000290cf9c8:   00007ff987955858 0000000002df1930   XX......0.......
0x00000000290cf9d8:   0000000002df1900 000000000000952d   ........-.......
0x00000000290cf9e8:   000000008bf89050 000000008bf89051   P.......Q.......
0x00000000290cf9f8:   00007ff987958948 000000002c000000   H..........,....
0x00000000290cfa08:   000000002c3887f0 00000000290cfb20   ..8,.... ..)....
0x00000000290cfa18:   00007ff98795dbdc 0000000087044154   ........TA......
0x00000000290cfa28:   00007ff98795dbdc 0000000086f2c000   ................
0x00000000290cfa38:   00007ff987d00aff 00000000290cfac0   ...........)....
0x00000000290cfa48:   00007ff98795eb6d 0000000087044198   m........A......
0x00000000290cfa58:   00007ff98791ff00 00000000290cfca0   ...........)....
0x00000000290cfa68:   00000000290cfca0 000000000000006f   ...)....o.......
0x00000000290cfa78:   0000000086f2c000 0000000000000020   ........ .......
0x00000000290cfa88:   000000002c3887f0 00000000290cfba0   ..8,.......)....
0x00000000290cfa98:   00007ff987954c3e 0000000087044200   >L.......B......
0x00000000290cfaa8:   0000000087044200 0000000086f2c000   .B..............
0x00000000290cfab8:   00007ff98796064b 000000001d83e650   K.......P.......
0x00000000290cfac8:   0000000000000000 000000000000ff00   ................
0x00000000290cfad8:   0000000086f2bffc 0000000020dc0ff0   ........... ....
0x00000000290cfae8:   00007ff987963d74 0000000020dc0ff0   t=......... ....
0x00000000290cfaf8:   0000000086f00000 00000000290cfba0   ...........)....
0x00000000290cfb08:   0000000000000000 0000000086f28000   ................

Instructions: (pc=0x00007ff98790fe10)
  0x00007ff98790fd10:   c1 eb 03 48 3b da 73 98 eb 1d 41 b1 01 4c 8b c3
  0x00007ff98790fd20:   48 8b d6 48 8b cf e8 15 75 03 00 4c 8d 04 dd 00
  0x00007ff98790fd30:   00 00 00 48 89 77 20 48 8b 74 24 38 48 8b 4f 10
  0x00007ff98790fd40:   48 8b 5f 08 48 2b d9 49 03 d8 4d 8b 06 48 8b d7
  0x00007ff98790fd50:   49 8b ce 41 ff 50 10 48 8b 7c 24 48 48 8b c3 48
  0x00007ff98790fd60:   8b 5c 24 40 48 83 c4 20 41 5e c3 cc cc cc cc cc
  0x00007ff98790fd70:   40 53 48 83 ec 20 4c 8b 42 10 4c 8d 4c 24 30 0f
  0x00007ff98790fd80:   b6 41 38 48 8b d9 4c 2b 41 28 4c 2b 02 48 8b 0d
  0x00007ff98790fd90:   84 7d a5 00 88 44 24 31 c6 44 24 30 00 0f b7 44
  0x00007ff98790fda0:   24 30 66 89 44 24 30 c6 44 24 32 00 e8 bf 3c 01
  0x00007ff98790fdb0:   00 48 c7 43 28 00 00 00 00 48 83 c4 20 5b c3 cc
  0x00007ff98790fdc0:   4c 8b 42 10 4c 2b 02 48 8b 0d 4a 7d a5 00 e9 2d
  0x00007ff98790fdd0:   3d 01 00 cc cc cc cc cc cc cc cc cc cc cc cc cc
  0x00007ff98790fde0:   48 8b 42 10 48 2b 02 ff 41 10 48 89 41 28 48 89
  0x00007ff98790fdf0:   51 08 c3 cc cc cc cc cc cc cc cc cc cc cc cc cc
  0x00007ff98790fe00:   48 89 0d 11 7d a5 00 48 89 15 02 7d a5 00 c3 cc
=>0x00007ff98790fe10:   44 8b 4a 08 4c 8b c2 45 85 c9 7e 0e 41 f6 c1 01
  0x00007ff98790fe20:   75 49 41 c1 f9 03 49 63 c1 c3 79 3f 8b 05 86 c7
  0x00007ff98790fe30:   9e 00 ff c8 4c 63 c0 48 63 05 7a 70 a8 00 48 63
  0x00007ff98790fe40:   14 08 41 8b c9 83 e1 3f 41 8b c1 48 c1 f8 10 0f
  0x00007ff98790fe50:   b6 c0 48 d3 e2 49 8d 0c 10 49 f7 d0 48 03 c1 49
  0x00007ff98790fe60:   c1 e8 03 48 c1 e8 03 49 23 c0 c3 48 8b 02 48 8b
  0x00007ff98790fe70:   d1 49 8b c8 48 ff a0 00 01 00 00 cc cc cc cc cc
  0x00007ff98790fe80:   48 8b 51 08 33 c0 48 3b 15 83 7c a5 00 48 0f 44
  0x00007ff98790fe90:   d0 48 85 d2 74 07 48 8b 42 10 48 2b 02 48 8b 51
  0x00007ff98790fea0:   30 48 85 d2 74 0a 48 8b 4a 10 48 2b 0a 48 03 c1
  0x00007ff98790feb0:   c3 cc cc cc cc cc cc cc cc cc cc cc cc cc cc cc
  0x00007ff98790fec0:   48 89 4c 24 08 48 89 54 24 10 4c 89 44 24 18 4c
  0x00007ff98790fed0:   89 4c 24 20 48 83 ec 28 4c 8b c1 4c 8d 4c 24 38
  0x00007ff98790fee0:   48 8d 0d a9 7c a5 00 ba 01 00 00 00 e8 5f 5f 2f
  0x00007ff98790fef0:   00 48 83 c4 28 c3 cc cc cc cc cc cc cc cc cc cc
  0x00007ff98790ff00:   48 89 4c 24 08 48 89 54 24 10 4c 89 44 24 18 4c


Stack slot to memory mapping:

stack at sp + 0 slots: 0x00007ff9879573de jvm.dll
stack at sp + 1 slots: 0x0 is null
stack at sp + 2 slots: 0x0000000033200758 is a pointer to class: 
java.util.HashMap {0x0000000033200760}
 - instance size:     6
 - klass size:        128
 - access:            public synchronized 
 - flags:             rewritten has_nonstatic_fields has_nonstatic_concrete_methods defined_by_boot_loader has_localvariable_table has_miranda_methods has_final_method has_resolved_methods 
 - state:             fully_initialized
 - name:              'java/util/HashMap'
 - super:             'java/util/AbstractMap'
 - sub:               'com/sun/tools/javac/comp/CompileStates'   'org/antlr/v4/runtime/atn/Transition$1'   'groovy/lang/SpreadMap'   'org/codehaus/groovy/classgen/FinalVariableAnalyzer$StateMap'   (3 more klasses...)
 - arrays:            null
 - methods:           Array<T>(0x000000003381d5a0)
 - method ordering:   Array<T>(0x00000000336b7b88)
 - local interfaces:  Array<T>(0x000000003381d768)
 - trans. interfaces: Array<T>(0x000000003381d788)
 - secondary supers: Array<T>(0x000000003381c190)
 - hash_slot:         58
 - secondary bitmap: 0x0000002100000001
 - constants:         constant pool [629] {0x000000003381c1b8} for 'java/util/HashMap' cache=0x000000003347d648
 - class loader data:  loader data: 0x0000000020dfc190 of 'bootstrap'
 - source file:       'HashMap.java'
 - generic signature: '<K:Ljava/lang/Object;V:Ljava/lang/Object;>Ljava/util/AbstractMap<TK;TV;>;Ljava/util/Map<TK;TV;>;Ljava/lang/Cloneable;Ljava/io/Serializable;'
 - inner classes:     Array<T>(0x00000000336b7af8)
 - nest members:     Array<T>(0x00000000336b7cd8)
 - permitted subclasses:     Array<T>(0x000000003369fb60)
 - java mirror:       a 'java/lang/Class'{0x00000000ffea84c8} = 'java/util/HashMap'
 - vtable length      39  (start addr: 0x0000000033200930)
 - itable length      29 (start addr: 0x0000000033200a68)
 - ---- static fields (4 words):
 - private static final 'serialVersionUID' 'J' @120 
 - static final 'DEFAULT_INITIAL_CAPACITY' 'I' @128 
 - static final 'MAXIMUM_CAPACITY' 'I' @132 
 - static final 'DEFAULT_LOAD_FACTOR' 'F' @136 
 - static final 'TREEIFY_THRESHOLD' 'I' @140 
 - static final 'UNTREEIFY_THRESHOLD' 'I' @144 
 - static final 'MIN_TREEIFY_CAPACITY' 'I' @148 
 - ---- non-static fields (8 words):
 - transient 'keySet' 'Ljava/util/Set;' @12 
 - transient 'values' 'Ljava/util/Collection;' @16 
 - transient 'table' '[Ljava/util/HashMap$Node;' @20 
 - transient 'entrySet' 'Ljava/util/Set;' @24 
 - transient 'size' 'I' @28 
 - transient 'modCount' 'I' @32 
 - 'threshold' 'I' @36 
 - final 'loadFactor' 'F' @40 
 - non-static oop maps (1 entries): 12-24 
stack at sp + 3 slots: 0x00000000290cf9a0 points into unknown readable memory: 0x0000000000000040 | 40 00 00 00 00 00 00 00
stack at sp + 4 slots: 0x00000000332cb418 is a pointer to class: 
stack at sp + 5 slots: 0x0 is null
stack at sp + 6 slots: 0x0 is null
stack at sp + 7 slots: 0x0000000035139910 is pointing into metadata


---------------  P R O C E S S  ---------------

Threads class SMR info:
_java_thread_list=0x000000002be056b0, length=128, elements={
0x0000000002dd6710, 0x0000000020f5ef50, 0x0000000020f5f710, 0x0000000020f5fed0,
0x0000000020f60a90, 0x0000000020f658d0, 0x0000000020f6e420, 0x00000000262291d0,
0x00000000262383f0, 0x0000000026443f70, 0x00000000264bc0c0, 0x000000002970f460,
0x0000000029895f50, 0x0000000029a01d90, 0x00000000297fcbf0, 0x0000000027ebcef0,
0x0000000029785ca0, 0x0000000029786c40, 0x0000000029786470, 0x0000000029787be0,
0x0000000029789350, 0x000000002978a2f0, 0x000000002978b290, 0x000000002978ba60,
0x000000002a496cb0, 0x000000002a49bad0, 0x0000000029b79960, 0x0000000029b781f0,
0x0000000029b7c070, 0x0000000029b7c840, 0x0000000029b7d010, 0x0000000029b7d7e0,
0x0000000029b7e780, 0x000000002b40d600, 0x000000002b40ed70, 0x000000002b40c660,
0x000000002b410cb0, 0x00000000304684d0, 0x000000003046abe0, 0x000000003046c350,
0x000000003046d2f0, 0x000000002b411480, 0x000000002b411c50, 0x00000000262056c0,
0x000000003068ffd0, 0x000000003068e090, 0x000000002b8569f0, 0x0000000026207600,
0x000000002b4104e0, 0x000000002d2aa850, 0x000000007f351510, 0x000000007f350570,
0x000000007f351ce0, 0x000000007f3524b0, 0x000000007f34ee00, 0x000000007f34f5d0,
0x000000007f356b00, 0x000000007f3543f0, 0x000000007f3572d0, 0x000000007f354bc0,
0x000000002d2acf60, 0x000000002d2ae6d0, 0x000000002b853340, 0x000000007dc68c20,
0x000000007dc65d40, 0x000000007dc66510, 0x000000007dc674b0, 0x000000007dc69bc0,
0x000000007dc66ce0, 0x000000007dc6c2d0, 0x000000007dc6bb00, 0x000000007dc6d270,
0x000000007dc70920, 0x000000002be447f0, 0x000000007dc73800, 0x000000007dc73030,
0x000000007dc73fd0, 0x0000000029d82640, 0x0000000032476370, 0x00000000324782b0,
0x0000000032477ae0, 0x000000003247b960, 0x000000002f000050, 0x000000003247a9c0,
0x000000003247c900, 0x000000002cc19230, 0x000000002effe820, 0x000000003247e070,
0x000000003247f010, 0x0000000032481720, 0x0000000032480780, 0x00000000324826c0,
0x0000000032482e90, 0x0000000032483660, 0x000000007f349810, 0x000000007f34fda0,
0x000000003068f030, 0x000000002b853b10, 0x0000000027eb80d0, 0x00000000748d2b70,
0x00000000748d3340, 0x00000000748d23a0, 0x00000000748d4ab0, 0x00000000748d8930,
0x00000000748d5280, 0x00000000748d9100, 0x00000000748dcf80, 0x00000000748db810,
0x00000000748dc7b0, 0x00000000748da0a0, 0x00000000748deec0, 0x00000000748de6f0,
0x00000000748df690, 0x00000000748e0e00, 0x00000000748e1da0, 0x00000000748dfe60,
0x00000000748e5450, 0x00000000748e63f0, 0x00000000748e3ce0, 0x00000000748e7b60,
0x00000000748ea270, 0x00000000748e8330, 0x00000000748ec1b0, 0x00000000748ec980,
0x000000002be46020, 0x000000002be46830, 0x000000002be47040, 0x000000002c002b00
}

Java Threads: ( => current thread )
  0x0000000002dd6710 JavaThread "main"                              [_thread_blocked, id=14152, stack(0x0000000002380000,0x0000000002480000) (1024K)]
  0x0000000020f5ef50 JavaThread "Reference Handler"          daemon [_thread_blocked, id=13200, stack(0x0000000021d00000,0x0000000021e00000) (1024K)]
  0x0000000020f5f710 JavaThread "Finalizer"                  daemon [_thread_blocked, id=8580, stack(0x0000000021e00000,0x0000000021f00000) (1024K)]
  0x0000000020f5fed0 JavaThread "Signal Dispatcher"          daemon [_thread_blocked, id=5888, stack(0x0000000021f00000,0x0000000022000000) (1024K)]
  0x0000000020f60a90 JavaThread "Attach Listener"            daemon [_thread_blocked, id=14436, stack(0x0000000026000000,0x0000000026100000) (1024K)]
  0x0000000020f658d0 JavaThread "Service Thread"             daemon [_thread_blocked, id=9676, stack(0x0000000026100000,0x0000000026200000) (1024K)]
  0x0000000020f6e420 JavaThread "Monitor Deflation Thread"   daemon [_thread_blocked, id=26924, stack(0x0000000026600000,0x0000000026700000) (1024K)]
  0x00000000262291d0 JavaThread "C2 CompilerThread0"         daemon [_thread_blocked, id=22012, stack(0x0000000026700000,0x0000000026800000) (1024K)]
  0x00000000262383f0 JavaThread "C1 CompilerThread0"         daemon [_thread_blocked, id=28060, stack(0x0000000026800000,0x0000000026900000) (1024K)]
  0x0000000026443f70 JavaThread "Common-Cleaner"             daemon [_thread_blocked, id=9292, stack(0x0000000026a00000,0x0000000026b00000) (1024K)]
  0x00000000264bc0c0 JavaThread "Notification Thread"        daemon [_thread_blocked, id=22236, stack(0x0000000026b00000,0x0000000026c00000) (1024K)]
  0x000000002970f460 JavaThread "Daemon health stats"               [_thread_blocked, id=9544, stack(0x000000002a4a0000,0x000000002a5a0000) (1024K)]
  0x0000000029895f50 JavaThread "Incoming local TCP Connector on port 27115"        [_thread_in_native, id=23820, stack(0x000000002a8e0000,0x000000002a9e0000) (1024K)]
  0x0000000029a01d90 JavaThread "Daemon periodic checks"            [_thread_blocked, id=6048, stack(0x000000002a9e0000,0x000000002aae0000) (1024K)]
  0x00000000297fcbf0 JavaThread "Daemon"                            [_thread_blocked, id=23208, stack(0x000000002aae0000,0x000000002abe0000) (1024K)]
  0x0000000027ebcef0 JavaThread "Handler for socket connection from /127.0.0.1:27115 to /127.0.0.1:27116"        [_thread_in_native, id=28864, stack(0x000000002abe0000,0x000000002ace0000) (1024K)]
  0x0000000029785ca0 JavaThread "Cancel handler"                    [_thread_blocked, id=20980, stack(0x000000002ace0000,0x000000002ade0000) (1024K)]
  0x0000000029786c40 JavaThread "Daemon worker"                     [_thread_blocked, id=16624, stack(0x000000002ade0000,0x000000002aee0000) (1024K)]
  0x0000000029786470 JavaThread "Asynchronous log dispatcher for DefaultDaemonConnection: socket connection from /127.0.0.1:27115 to /127.0.0.1:27116"        [_thread_blocked, id=30696, stack(0x000000002aee0000,0x000000002afe0000) (1024K)]
  0x0000000029787be0 JavaThread "Stdin handler"                     [_thread_blocked, id=8584, stack(0x000000002afe0000,0x000000002b0e0000) (1024K)]
  0x0000000029789350 JavaThread "Daemon client event forwarder"        [_thread_blocked, id=29704, stack(0x000000002b0e0000,0x000000002b1e0000) (1024K)]
  0x000000002978a2f0 JavaThread "Cache worker for journal cache (C:\Users\LJGYX\.gradle\caches\journal-1)"        [_thread_blocked, id=28932, stack(0x000000002b1e0000,0x000000002b2e0000) (1024K)]
  0x000000002978b290 JavaThread "File lock request listener"        [_thread_in_native, id=16952, stack(0x000000002b2e0000,0x000000002b3e0000) (1024K)]
  0x000000002978ba60 JavaThread "Cache worker for file hash cache (C:\Users\LJGYX\.gradle\caches\9.3.1\fileHashes)"        [_thread_blocked, id=23628, stack(0x000000002c3b0000,0x000000002c4b0000) (1024K)]
  0x000000002a496cb0 JavaThread "File lock release action executor"        [_thread_blocked, id=14468, stack(0x000000002df30000,0x000000002e030000) (1024K)]
  0x000000002a49bad0 JavaThread "Cache worker for file hash cache (D:\Plant\PlantCare\.gradle\9.3.1\fileHashes)"        [_thread_blocked, id=30740, stack(0x000000002e030000,0x000000002e130000) (1024K)]
  0x0000000029b79960 JavaThread "Cache worker for Build Output Cleanup Cache (D:\Plant\PlantCare\.gradle\buildOutputCleanup)"        [_thread_blocked, id=30744, stack(0x000000002e130000,0x000000002e230000) (1024K)]
  0x0000000029b781f0 JavaThread "File watcher server"        daemon [_thread_in_native, id=30748, stack(0x000000002e230000,0x000000002e330000) (1024K)]
  0x0000000029b7c070 JavaThread "File watcher consumer"      daemon [_thread_blocked, id=30752, stack(0x000000002e330000,0x000000002e430000) (1024K)]
  0x0000000029b7c840 JavaThread "jar transforms"                    [_thread_blocked, id=30760, stack(0x000000002e430000,0x000000002e530000) (1024K)]
  0x0000000029b7d010 JavaThread "jar transforms Thread 2"           [_thread_blocked, id=30764, stack(0x000000002e530000,0x000000002e630000) (1024K)]
  0x0000000029b7d7e0 JavaThread "jar transforms Thread 3"           [_thread_blocked, id=30768, stack(0x000000002e630000,0x000000002e730000) (1024K)]
  0x0000000029b7e780 JavaThread "Cache worker for checksums cache (D:\Plant\PlantCare\.gradle\9.3.1\checksums)"        [_thread_blocked, id=30788, stack(0x000000002fb00000,0x000000002fc00000) (1024K)]
  0x000000002b40d600 JavaThread "Cache worker for file content cache (C:\Users\LJGYX\.gradle\caches\9.3.1\fileContent)"        [_thread_blocked, id=30796, stack(0x000000002f950000,0x000000002fa50000) (1024K)]
  0x000000002b40ed70 JavaThread "Cache worker for cache directory md-supplier (C:\Users\LJGYX\.gradle\caches\9.3.1\md-supplier)"        [_thread_blocked, id=30804, stack(0x000000002f700000,0x000000002f800000) (1024K)]
  0x000000002b40c660 JavaThread "Cache worker for cache directory md-rule (C:\Users\LJGYX\.gradle\caches\9.3.1\md-rule)"        [_thread_blocked, id=30816, stack(0x000000002f800000,0x000000002f900000) (1024K)]
  0x000000002b410cb0 JavaThread "jar transforms Thread 4"           [_thread_blocked, id=30868, stack(0x000000002fd00000,0x000000002fe00000) (1024K)]
  0x00000000304684d0 JavaThread "jar transforms Thread 5"           [_thread_blocked, id=30948, stack(0x000000002fe00000,0x000000002ff00000) (1024K)]
  0x000000003046abe0 JavaThread "jar transforms Thread 6"           [_thread_blocked, id=30972, stack(0x0000000027500000,0x0000000027600000) (1024K)]
  0x000000003046c350 JavaThread "jar transforms Thread 7"           [_thread_blocked, id=30984, stack(0x000000002fc00000,0x000000002fd00000) (1024K)]
  0x000000003046d2f0 JavaThread "jar transforms Thread 8"           [_thread_blocked, id=30992, stack(0x0000000031390000,0x0000000031490000) (1024K)]
  0x000000002b411480 JavaThread "jar transforms Thread 9"           [_thread_blocked, id=31000, stack(0x0000000031490000,0x0000000031590000) (1024K)]
  0x000000002b411c50 JavaThread "jar transforms Thread 10"          [_thread_blocked, id=31020, stack(0x000000002ff00000,0x0000000030000000) (1024K)]
  0x00000000262056c0 JavaThread "jar transforms Thread 11"          [_thread_blocked, id=31024, stack(0x0000000030000000,0x0000000030100000) (1024K)]
  0x000000003068ffd0 JavaThread "jar transforms Thread 12"          [_thread_blocked, id=31028, stack(0x0000000030100000,0x0000000030200000) (1024K)]
  0x000000003068e090 JavaThread "jar transforms Thread 13"          [_thread_blocked, id=31032, stack(0x0000000030200000,0x0000000030300000) (1024K)]
  0x000000002b8569f0 JavaThread "Unconstrained build operations"        [_thread_blocked, id=31736, stack(0x0000000026c00000,0x0000000026d00000) (1024K)]
  0x0000000026207600 JavaThread "Unconstrained build operations Thread 2"        [_thread_blocked, id=13484, stack(0x0000000031790000,0x0000000031890000) (1024K)]
  0x000000002b4104e0 JavaThread "Unconstrained build operations Thread 3"        [_thread_blocked, id=16608, stack(0x0000000031890000,0x0000000031990000) (1024K)]
  0x000000002d2aa850 JavaThread "Kotlin DSL Writer"                 [_thread_blocked, id=31148, stack(0x0000000031a90000,0x0000000031b90000) (1024K)]
  0x000000007f351510 JavaThread "Unconstrained build operations Thread 4"        [_thread_blocked, id=14308, stack(0x0000000031690000,0x0000000031790000) (1024K)]
  0x000000007f350570 JavaThread "Unconstrained build operations Thread 5"        [_thread_blocked, id=22144, stack(0x0000000031990000,0x0000000031a90000) (1024K)]
  0x000000007f351ce0 JavaThread "Unconstrained build operations Thread 6"        [_thread_blocked, id=10472, stack(0x0000000031b90000,0x0000000031c90000) (1024K)]
  0x000000007f3524b0 JavaThread "Unconstrained build operations Thread 7"        [_thread_blocked, id=24352, stack(0x0000000032c60000,0x0000000032d60000) (1024K)]
  0x000000007f34ee00 JavaThread "Unconstrained build operations Thread 8"        [_thread_blocked, id=24360, stack(0x0000000032d60000,0x0000000032e60000) (1024K)]
  0x000000007f34f5d0 JavaThread "Unconstrained build operations Thread 9"        [_thread_blocked, id=24356, stack(0x0000000032e60000,0x0000000032f60000) (1024K)]
  0x000000007f356b00 JavaThread "Unconstrained build operations Thread 10"        [_thread_blocked, id=11960, stack(0x000000007e9d0000,0x000000007ead0000) (1024K)]
  0x000000007f3543f0 JavaThread "Unconstrained build operations Thread 11"        [_thread_blocked, id=12472, stack(0x000000007ead0000,0x000000007ebd0000) (1024K)]
  0x000000007f3572d0 JavaThread "Unconstrained build operations Thread 12"        [_thread_blocked, id=4580, stack(0x000000007fc30000,0x000000007fd30000) (1024K)]
  0x000000007f354bc0 JavaThread "Unconstrained build operations Thread 13"        [_thread_blocked, id=23744, stack(0x000000007fd30000,0x000000007fe30000) (1024K)]
  0x000000002d2acf60 JavaThread "Unconstrained build operations Thread 14"        [_thread_blocked, id=10288, stack(0x000000007fe30000,0x000000007ff30000) (1024K)]
  0x000000002d2ae6d0 JavaThread "Unconstrained build operations Thread 15"        [_thread_blocked, id=17144, stack(0x0000000104000000,0x0000000104100000) (1024K)]
  0x000000002b853340 JavaThread "Unconstrained build operations Thread 16"        [_thread_blocked, id=17812, stack(0x0000000104100000,0x0000000104200000) (1024K)]
  0x000000007dc68c20 JavaThread "Unconstrained build operations Thread 17"        [_thread_blocked, id=15308, stack(0x0000000104200000,0x0000000104300000) (1024K)]
  0x000000007dc65d40 JavaThread "Unconstrained build operations Thread 18"        [_thread_blocked, id=17268, stack(0x0000000104300000,0x0000000104400000) (1024K)]
  0x000000007dc66510 JavaThread "Unconstrained build operations Thread 19"        [_thread_blocked, id=15568, stack(0x0000000104400000,0x0000000104500000) (1024K)]
  0x000000007dc674b0 JavaThread "Unconstrained build operations Thread 20"        [_thread_blocked, id=12328, stack(0x0000000104500000,0x0000000104600000) (1024K)]
  0x000000007dc69bc0 JavaThread "Unconstrained build operations Thread 21"        [_thread_blocked, id=15572, stack(0x0000000104600000,0x0000000104700000) (1024K)]
  0x000000007dc66ce0 JavaThread "Unconstrained build operations Thread 22"        [_thread_blocked, id=15708, stack(0x0000000104700000,0x0000000104800000) (1024K)]
  0x000000007dc6c2d0 JavaThread "Unconstrained build operations Thread 23"        [_thread_blocked, id=12452, stack(0x0000000104800000,0x0000000104900000) (1024K)]
  0x000000007dc6bb00 JavaThread "Unconstrained build operations Thread 24"        [_thread_blocked, id=13260, stack(0x0000000104900000,0x0000000104a00000) (1024K)]
  0x000000007dc6d270 JavaThread "Unconstrained build operations Thread 25"        [_thread_blocked, id=12380, stack(0x0000000104a00000,0x0000000104b00000) (1024K)]
  0x000000007dc70920 JavaThread "Unconstrained build operations Thread 26"        [_thread_blocked, id=12096, stack(0x0000000104b00000,0x0000000104c00000) (1024K)]
  0x000000002be447f0 JavaThread "C1 CompilerThread1"         daemon [_thread_blocked, id=16128, stack(0x00000000286d0000,0x00000000287d0000) (1024K)]
  0x000000007dc73800 JavaThread "Unconstrained build operations Thread 27"        [_thread_blocked, id=29032, stack(0x0000000031590000,0x0000000031690000) (1024K)]
  0x000000007dc73030 JavaThread "Unconstrained build operations Thread 28"        [_thread_blocked, id=17508, stack(0x0000000104c00000,0x0000000104d00000) (1024K)]
  0x000000007dc73fd0 JavaThread "Unconstrained build operations Thread 29"        [_thread_blocked, id=31368, stack(0x0000000104d00000,0x0000000104e00000) (1024K)]
  0x0000000029d82640 JavaThread "C2 CompilerThread1"         daemon [_thread_blocked, id=12268, stack(0x0000000104e00000,0x0000000104f00000) (1024K)]
  0x0000000032476370 JavaThread "Unconstrained build operations Thread 30"        [_thread_blocked, id=30196, stack(0x0000000104f00000,0x0000000105000000) (1024K)]
  0x00000000324782b0 JavaThread "Unconstrained build operations Thread 31"        [_thread_blocked, id=23620, stack(0x0000000105000000,0x0000000105100000) (1024K)]
  0x0000000032477ae0 JavaThread "Unconstrained build operations Thread 32"        [_thread_blocked, id=25704, stack(0x0000000105100000,0x0000000105200000) (1024K)]
  0x000000003247b960 JavaThread "Unconstrained build operations Thread 33"        [_thread_blocked, id=12012, stack(0x0000000105200000,0x0000000105300000) (1024K)]
  0x000000002f000050 JavaThread "C1 CompilerThread2"         daemon [_thread_blocked, id=30560, stack(0x0000000105300000,0x0000000105400000) (1024K)]
  0x000000003247a9c0 JavaThread "Unconstrained build operations Thread 34"        [_thread_blocked, id=5256, stack(0x0000000105400000,0x0000000105500000) (1024K)]
  0x000000003247c900 JavaThread "Unconstrained build operations Thread 35"        [_thread_blocked, id=5004, stack(0x0000000105500000,0x0000000105600000) (1024K)]
  0x000000002cc19230 JavaThread "C2 CompilerThread2"         daemon [_thread_blocked, id=31408, stack(0x0000000105600000,0x0000000105700000) (1024K)]
  0x000000002effe820 JavaThread "C2 CompilerThread3"         daemon [_thread_blocked, id=31608, stack(0x0000000105700000,0x0000000105800000) (1024K)]
  0x000000003247e070 JavaThread "Unconstrained build operations Thread 36"        [_thread_blocked, id=31620, stack(0x0000000105800000,0x0000000105900000) (1024K)]
  0x000000003247f010 JavaThread "Unconstrained build operations Thread 37"        [_thread_blocked, id=23136, stack(0x0000000105900000,0x0000000105a00000) (1024K)]
  0x0000000032481720 JavaThread "Unconstrained build operations Thread 38"        [_thread_blocked, id=26580, stack(0x0000000105a00000,0x0000000105b00000) (1024K)]
  0x0000000032480780 JavaThread "Unconstrained build operations Thread 39"        [_thread_blocked, id=31680, stack(0x0000000105b00000,0x0000000105c00000) (1024K)]
  0x00000000324826c0 JavaThread "Unconstrained build operations Thread 40"        [_thread_blocked, id=31300, stack(0x0000000105c00000,0x0000000105d00000) (1024K)]
  0x0000000032482e90 JavaThread "Unconstrained build operations Thread 41"        [_thread_blocked, id=31304, stack(0x0000000105d00000,0x0000000105e00000) (1024K)]
  0x0000000032483660 JavaThread "Unconstrained build operations Thread 42"        [_thread_blocked, id=31556, stack(0x0000000105e00000,0x0000000105f00000) (1024K)]
  0x000000007f349810 JavaThread "Unconstrained build operations Thread 43"        [_thread_blocked, id=14632, stack(0x0000000105f00000,0x0000000106000000) (1024K)]
  0x000000007f34fda0 JavaThread "Unconstrained build operations Thread 44"        [_thread_blocked, id=10760, stack(0x0000000106000000,0x0000000106100000) (1024K)]
  0x000000003068f030 JavaThread "Unconstrained build operations Thread 45"        [_thread_blocked, id=22868, stack(0x0000000106100000,0x0000000106200000) (1024K)]
  0x000000002b853b10 JavaThread "Unconstrained build operations Thread 46"        [_thread_blocked, id=31520, stack(0x0000000106200000,0x0000000106300000) (1024K)]
  0x0000000027eb80d0 JavaThread "Unconstrained build operations Thread 47"        [_thread_blocked, id=13808, stack(0x0000000106300000,0x0000000106400000) (1024K)]
  0x00000000748d2b70 JavaThread "Unconstrained build operations Thread 48"        [_thread_blocked, id=29140, stack(0x0000000106400000,0x0000000106500000) (1024K)]
  0x00000000748d3340 JavaThread "Unconstrained build operations Thread 49"        [_thread_blocked, id=16780, stack(0x0000000106500000,0x0000000106600000) (1024K)]
  0x00000000748d23a0 JavaThread "Unconstrained build operations Thread 50"        [_thread_blocked, id=17256, stack(0x0000000106600000,0x0000000106700000) (1024K)]
  0x00000000748d4ab0 JavaThread "Unconstrained build operations Thread 51"        [_thread_blocked, id=12316, stack(0x0000000106700000,0x0000000106800000) (1024K)]
  0x00000000748d8930 JavaThread "Unconstrained build operations Thread 52"        [_thread_blocked, id=26764, stack(0x0000000106800000,0x0000000106900000) (1024K)]
  0x00000000748d5280 JavaThread "Unconstrained build operations Thread 53"        [_thread_blocked, id=14264, stack(0x0000000106900000,0x0000000106a00000) (1024K)]
  0x00000000748d9100 JavaThread "Unconstrained build operations Thread 54"        [_thread_blocked, id=30248, stack(0x0000000106a00000,0x0000000106b00000) (1024K)]
  0x00000000748dcf80 JavaThread "Unconstrained build operations Thread 55"        [_thread_blocked, id=13172, stack(0x0000000106b00000,0x0000000106c00000) (1024K)]
  0x00000000748db810 JavaThread "Unconstrained build operations Thread 56"        [_thread_blocked, id=27596, stack(0x0000000106c00000,0x0000000106d00000) (1024K)]
  0x00000000748dc7b0 JavaThread "Unconstrained build operations Thread 57"        [_thread_blocked, id=16480, stack(0x0000000106d00000,0x0000000106e00000) (1024K)]
  0x00000000748da0a0 JavaThread "Unconstrained build operations Thread 58"        [_thread_blocked, id=29764, stack(0x0000000106e00000,0x0000000106f00000) (1024K)]
  0x00000000748deec0 JavaThread "Unconstrained build operations Thread 59"        [_thread_blocked, id=31740, stack(0x0000000106f00000,0x0000000107000000) (1024K)]
  0x00000000748de6f0 JavaThread "Unconstrained build operations Thread 60"        [_thread_blocked, id=10864, stack(0x0000000107000000,0x0000000107100000) (1024K)]
  0x00000000748df690 JavaThread "Unconstrained build operations Thread 61"        [_thread_blocked, id=7972, stack(0x0000000107100000,0x0000000107200000) (1024K)]
  0x00000000748e0e00 JavaThread "Unconstrained build operations Thread 62"        [_thread_blocked, id=23952, stack(0x0000000107200000,0x0000000107300000) (1024K)]
  0x00000000748e1da0 JavaThread "Unconstrained build operations Thread 63"        [_thread_blocked, id=20176, stack(0x0000000107300000,0x0000000107400000) (1024K)]
  0x00000000748dfe60 JavaThread "Unconstrained build operations Thread 64"        [_thread_blocked, id=30144, stack(0x0000000109440000,0x0000000109540000) (1024K)]
  0x00000000748e5450 JavaThread "Unconstrained build operations Thread 65"        [_thread_blocked, id=30044, stack(0x0000000109540000,0x0000000109640000) (1024K)]
  0x00000000748e63f0 JavaThread "Unconstrained build operations Thread 66"        [_thread_blocked, id=12488, stack(0x0000000109640000,0x0000000109740000) (1024K)]
  0x00000000748e3ce0 JavaThread "Unconstrained build operations Thread 67"        [_thread_blocked, id=20456, stack(0x0000000109740000,0x0000000109840000) (1024K)]
  0x00000000748e7b60 JavaThread "Unconstrained build operations Thread 68"        [_thread_blocked, id=31596, stack(0x0000000109840000,0x0000000109940000) (1024K)]
  0x00000000748ea270 JavaThread "Unconstrained build operations Thread 69"        [_thread_blocked, id=25580, stack(0x0000000109940000,0x0000000109a40000) (1024K)]
  0x00000000748e8330 JavaThread "Unconstrained build operations Thread 70"        [_thread_blocked, id=19964, stack(0x0000000109a40000,0x0000000109b40000) (1024K)]
  0x00000000748ec1b0 JavaThread "Unconstrained build operations Thread 71"        [_thread_blocked, id=9412, stack(0x0000000109b40000,0x0000000109c40000) (1024K)]
  0x00000000748ec980 JavaThread "Unconstrained build operations Thread 72"        [_thread_blocked, id=23892, stack(0x0000000109c40000,0x0000000109d40000) (1024K)]
  0x000000002be46020 JavaThread "C2 CompilerThread4"         daemon [_thread_blocked, id=11952, stack(0x000000010a5b0000,0x000000010a6b0000) (1024K)]
  0x000000002be46830 JavaThread "C2 CompilerThread5"         daemon [_thread_blocked, id=31580, stack(0x000000010a6b0000,0x000000010a7b0000) (1024K)]
  0x000000002be47040 JavaThread "C1 CompilerThread3"         daemon [_thread_blocked, id=29532, stack(0x0000000109d40000,0x0000000109e40000) (1024K)]
  0x000000002c002b00 JavaThread "C2 CompilerThread6"         daemon [_thread_blocked, id=5992, stack(0x0000000109e40000,0x0000000109f40000) (1024K)]
Total: 128

Other Threads:
  0x0000000020f49e90 VMThread "VM Thread"                           [id=17080, stack(0x0000000021c00000,0x0000000021d00000) (1024K)]
  0x0000000020f38420 WatcherThread "VM Periodic Task Thread"        [id=14964, stack(0x0000000021b00000,0x0000000021c00000) (1024K)]
  0x0000000002e332f0 WorkerThread "GC Thread#0"                     [id=25712, stack(0x000000001e0e0000,0x000000001e1e0000) (1024K)]
  0x0000000027de43a0 WorkerThread "GC Thread#1"                     [id=17140, stack(0x00000000288d0000,0x00000000289d0000) (1024K)]
  0x0000000027de4ff0 WorkerThread "GC Thread#2"                     [id=2092, stack(0x00000000289d0000,0x0000000028ad0000) (1024K)]
  0x0000000027ead3a0 WorkerThread "GC Thread#3"                     [id=21900, stack(0x0000000028ad0000,0x0000000028bd0000) (1024K)]
  0x0000000027eadbe0 WorkerThread "GC Thread#4"                     [id=2636, stack(0x0000000028bd0000,0x0000000028cd0000) (1024K)]
  0x0000000027eaec30 WorkerThread "GC Thread#5"                     [id=14080, stack(0x0000000028cd0000,0x0000000028dd0000) (1024K)]
  0x0000000027eaf670 WorkerThread "GC Thread#6"                     [id=3028, stack(0x0000000028dd0000,0x0000000028ed0000) (1024K)]
  0x0000000027eb00c0 WorkerThread "GC Thread#7"                     [id=21256, stack(0x0000000028ed0000,0x0000000028fd0000) (1024K)]
=>0x0000000027eb10d0 WorkerThread "GC Thread#8"                     [id=15104, stack(0x0000000028fd0000,0x00000000290d0000) (1024K)]
  0x0000000027eb19a0 WorkerThread "GC Thread#9"                     [id=2748, stack(0x00000000290d0000,0x00000000291d0000) (1024K)]
  0x0000000027eb3380 WorkerThread "GC Thread#10"                    [id=3640, stack(0x00000000291d0000,0x00000000292d0000) (1024K)]
  0x0000000027eb3c20 WorkerThread "GC Thread#11"                    [id=30204, stack(0x00000000293d0000,0x00000000294d0000) (1024K)]
  0x0000000027eb2690 WorkerThread "GC Thread#12"                    [id=28320, stack(0x000000002c4b0000,0x000000002c5b0000) (1024K)]
  0x0000000027eb2ae0 WorkerThread "GC Thread#13"                    [id=11432, stack(0x000000002c5b0000,0x000000002c6b0000) (1024K)]
  0x0000000027eb2f30 WorkerThread "GC Thread#14"                    [id=23212, stack(0x000000002c6b0000,0x000000002c7b0000) (1024K)]
  0x000000002be7b340 WorkerThread "GC Thread#15"                    [id=19460, stack(0x000000002d830000,0x000000002d930000) (1024K)]
  0x000000002be7aef0 WorkerThread "GC Thread#16"                    [id=28076, stack(0x000000002d930000,0x000000002da30000) (1024K)]
  0x000000002be7b790 WorkerThread "GC Thread#17"                    [id=16508, stack(0x000000002da30000,0x000000002db30000) (1024K)]
  0x0000000002e4d110 ConcurrentGCThread "G1 Main Marker"            [id=27592, stack(0x000000001e1e0000,0x000000001e2e0000) (1024K)]
  0x0000000002e4ecc0 WorkerThread "G1 Conc#0"                       [id=26576, stack(0x000000001e2e0000,0x000000001e3e0000) (1024K)]
  0x000000002be79960 WorkerThread "G1 Conc#1"                       [id=20152, stack(0x000000002db30000,0x000000002dc30000) (1024K)]
  0x000000002be783d0 WorkerThread "G1 Conc#2"                       [id=17364, stack(0x000000002dc30000,0x000000002dd30000) (1024K)]
  0x000000002be79510 WorkerThread "G1 Conc#3"                       [id=15292, stack(0x000000002dd30000,0x000000002de30000) (1024K)]
  0x000000002be78820 WorkerThread "G1 Conc#4"                       [id=5020, stack(0x000000002de30000,0x000000002df30000) (1024K)]
  0x0000000020e053b0 ConcurrentGCThread "G1 Refine#0"               [id=25888, stack(0x0000000021900000,0x0000000021a00000) (1024K)]
  0x0000000020e05dc0 ConcurrentGCThread "G1 Service"                [id=13692, stack(0x0000000021a00000,0x0000000021b00000) (1024K)]
Total: 28

Threads with active compile tasks:
C2 CompilerThread4  49565 24015 %     4       org.objectweb.asm.ClassReader::readCode @ 2187 (5117 bytes)
Total: 1

VM state: at safepoint (normal execution)

VM Mutex/Monitor currently owned by a thread:  ([mutex/lock_event])
[0x00007ff9883963c8] Threads_lock - owner thread: 0x0000000020f49e90
[0x00007ff988396548] Heap_lock - owner thread: 0x00000000748d5280

Heap address: 0x0000000080000000, size: 2048 MB, Compressed Oops mode: 32-bit

CDS archive(s) mapped at: [0x0000000033000000-0x0000000033dd0000-0x0000000033dd0000), size 14483456, SharedBaseAddress: 0x0000000033000000, ArchiveRelocationMode: 1.
Compressed class space mapped at: 0x0000000034000000-0x0000000074000000, reserved size: 1073741824
UseCompressedClassPointers 1, UseCompactObjectHeaders 0
Narrow klass pointer bits 32, Max shift 3
Narrow klass base: 0x0000000033000000, Narrow klass shift: 0
Encoding Range: [0x0000000033000000 - 0x0000000133000000), (4294967296 bytes)
Klass Range:    [0x0000000033010000 - 0x0000000074000000), (1090453504 bytes)
Klass ID Range:  [65536 - 1090519033) (1090453497)
Protection zone: [0x0000000033000000 - 0x0000000033010000), (65536 bytes)

GC Precious Log:
 CardTable entry size: 512
 Card Set container configuration: InlinePtr #cards 5 size 8 Array Of Cards #cards 10 size 36 Howl #buckets 4 coarsen threshold 1843 Howl Bitmap #cards 512 size 80 coarsen threshold 460 Card regions per heap region 1 cards per card region 2048
 CPUs: 24 total, 24 available
 Memory: 32581M
 Large Page Support: Disabled
 NUMA Support: Disabled
 Compressed Oops: Enabled (32-bit)
 Heap Region Size: 1M
 Heap Min Capacity: 8M
 Heap Initial Capacity: 510M
 Heap Max Capacity: 2G
 Pre-touch: Disabled
 Parallel Workers: 18
 Concurrent Workers: 5
 Concurrent Refinement Workers: 18
 Periodic GC: Disabled

Heap:
 garbage-first heap   total reserved 2097152K, committed 447488K, used 405320K [0x0000000080000000, 0x0000000100000000)
  region size 1024K, 262 young (268288K), 18 survivors (18432K)

Heap Regions: E=young(eden), S=young(survivor), O=old, HS=humongous(starts), HC=humongous(continues), CS=collection set, F=free, TAMS=top-at-mark-start, PB=parsable bottom
|   0|0x0000000080000000, 0x0000000080100000, 0x0000000080100000|100%|HS|  |TAMS 0x0000000080000000| PB 0x0000000080000000| Complete |  0
|   1|0x0000000080100000, 0x0000000080200000, 0x0000000080200000|100%|HC|  |TAMS 0x0000000080100000| PB 0x0000000080100000| Complete |  0
|   2|0x0000000080200000, 0x0000000080300000, 0x0000000080300000|100%|HC|  |TAMS 0x0000000080200000| PB 0x0000000080200000| Complete |  0
|   3|0x0000000080300000, 0x0000000080400000, 0x0000000080400000|100%|HC|  |TAMS 0x0000000080300000| PB 0x0000000080300000| Complete |  0
|   4|0x0000000080400000, 0x00000000804f3b98, 0x0000000080500000| 95%| O|  |TAMS 0x0000000080400000| PB 0x0000000080400000| Untracked |  0
|   5|0x0000000080500000, 0x0000000080600000, 0x0000000080600000|100%|HS|  |TAMS 0x0000000080500000| PB 0x0000000080500000| Complete |  0
|   6|0x0000000080600000, 0x0000000080700000, 0x0000000080700000|100%| O|  |TAMS 0x0000000080600000| PB 0x0000000080600000| Untracked |  0
|   7|0x0000000080700000, 0x0000000080800000, 0x0000000080800000|100%| O|  |TAMS 0x0000000080700000| PB 0x0000000080700000| Untracked |  0
|   8|0x0000000080800000, 0x0000000080900000, 0x0000000080900000|100%| O|  |TAMS 0x0000000080800000| PB 0x0000000080800000| Untracked |  0
|   9|0x0000000080900000, 0x0000000080a00000, 0x0000000080a00000|100%| O|  |TAMS 0x0000000080900000| PB 0x0000000080900000| Untracked |  0
|  10|0x0000000080a00000, 0x0000000080b00000, 0x0000000080b00000|100%| O|  |TAMS 0x0000000080a00000| PB 0x0000000080a00000| Untracked |  0
|  11|0x0000000080b00000, 0x0000000080c00000, 0x0000000080c00000|100%| O|  |TAMS 0x0000000080b00000| PB 0x0000000080b00000| Untracked |  0
|  12|0x0000000080c00000, 0x0000000080d00000, 0x0000000080d00000|100%| O|  |TAMS 0x0000000080c00000| PB 0x0000000080c00000| Untracked |  0
|  13|0x0000000080d00000, 0x0000000080e00000, 0x0000000080e00000|100%| O|  |TAMS 0x0000000080d00000| PB 0x0000000080d00000| Untracked |  0
|  14|0x0000000080e00000, 0x0000000080f00000, 0x0000000080f00000|100%| O|  |TAMS 0x0000000080e00000| PB 0x0000000080e00000| Untracked |  0
|  15|0x0000000080f00000, 0x0000000081000000, 0x0000000081000000|100%| O|  |TAMS 0x0000000080f00000| PB 0x0000000080f00000| Untracked |  0
|  16|0x0000000081000000, 0x0000000081100000, 0x0000000081100000|100%| O|  |TAMS 0x0000000081000000| PB 0x0000000081000000| Untracked |  0
|  17|0x0000000081100000, 0x0000000081200000, 0x0000000081200000|100%| O|  |TAMS 0x0000000081100000| PB 0x0000000081100000| Untracked |  0
|  18|0x0000000081200000, 0x0000000081300000, 0x0000000081300000|100%| O|  |TAMS 0x0000000081200000| PB 0x0000000081200000| Untracked |  0
|  19|0x0000000081300000, 0x0000000081400000, 0x0000000081400000|100%| O|  |TAMS 0x0000000081300000| PB 0x0000000081300000| Untracked |  0
|  20|0x0000000081400000, 0x0000000081500000, 0x0000000081500000|100%| O|  |TAMS 0x0000000081400000| PB 0x0000000081400000| Untracked |  0
|  21|0x0000000081500000, 0x0000000081600000, 0x0000000081600000|100%| O|  |TAMS 0x0000000081500000| PB 0x0000000081500000| Untracked |  0
|  22|0x0000000081600000, 0x0000000081700000, 0x0000000081700000|100%| O|  |TAMS 0x0000000081600000| PB 0x0000000081600000| Untracked |  0
|  23|0x0000000081700000, 0x0000000081800000, 0x0000000081800000|100%| O|  |TAMS 0x0000000081700000| PB 0x0000000081700000| Untracked |  0
|  24|0x0000000081800000, 0x0000000081900000, 0x0000000081900000|100%| O|  |TAMS 0x0000000081800000| PB 0x0000000081800000| Untracked |  0
|  25|0x0000000081900000, 0x0000000081a00000, 0x0000000081a00000|100%| O|  |TAMS 0x0000000081900000| PB 0x0000000081900000| Untracked |  0
|  26|0x0000000081a00000, 0x0000000081b00000, 0x0000000081b00000|100%| O|  |TAMS 0x0000000081a00000| PB 0x0000000081a00000| Untracked |  0
|  27|0x0000000081b00000, 0x0000000081c00000, 0x0000000081c00000|100%| O|  |TAMS 0x0000000081b00000| PB 0x0000000081b00000| Untracked |  0
|  28|0x0000000081c00000, 0x0000000081d00000, 0x0000000081d00000|100%| O|  |TAMS 0x0000000081c00000| PB 0x0000000081c00000| Untracked |  0
|  29|0x0000000081d00000, 0x0000000081e00000, 0x0000000081e00000|100%| O|  |TAMS 0x0000000081d00000| PB 0x0000000081d00000| Untracked |  0
|  30|0x0000000081e00000, 0x0000000081f00000, 0x0000000081f00000|100%| O|  |TAMS 0x0000000081e00000| PB 0x0000000081e00000| Untracked |  0
|  31|0x0000000081f00000, 0x0000000082000000, 0x0000000082000000|100%| O|  |TAMS 0x0000000081f00000| PB 0x0000000081f00000| Untracked |  0
|  32|0x0000000082000000, 0x0000000082100000, 0x0000000082100000|100%| O|  |TAMS 0x0000000082000000| PB 0x0000000082000000| Untracked |  0
|  33|0x0000000082100000, 0x0000000082200000, 0x0000000082200000|100%| O|  |TAMS 0x0000000082100000| PB 0x0000000082100000| Untracked |  0
|  34|0x0000000082200000, 0x0000000082300000, 0x0000000082300000|100%| O|  |TAMS 0x0000000082200000| PB 0x0000000082200000| Untracked |  0
|  35|0x0000000082300000, 0x0000000082400000, 0x0000000082400000|100%| O|  |TAMS 0x0000000082300000| PB 0x0000000082300000| Untracked |  0
|  36|0x0000000082400000, 0x0000000082500000, 0x0000000082500000|100%| O|  |TAMS 0x0000000082400000| PB 0x0000000082400000| Untracked |  0
|  37|0x0000000082500000, 0x0000000082600000, 0x0000000082600000|100%| O|  |TAMS 0x0000000082500000| PB 0x0000000082500000| Untracked |  0
|  38|0x0000000082600000, 0x0000000082700000, 0x0000000082700000|100%| O|CS|TAMS 0x0000000082600000| PB 0x0000000082600000| Complete |  0
|  39|0x0000000082700000, 0x0000000082800000, 0x0000000082800000|100%| O|  |TAMS 0x0000000082700000| PB 0x0000000082700000| Untracked |  0
|  40|0x0000000082800000, 0x0000000082900000, 0x0000000082900000|100%| O|  |TAMS 0x0000000082800000| PB 0x0000000082800000| Untracked |  0
|  41|0x0000000082900000, 0x0000000082a00000, 0x0000000082a00000|100%| O|  |TAMS 0x0000000082900000| PB 0x0000000082900000| Untracked |  0
|  42|0x0000000082a00000, 0x0000000082b00000, 0x0000000082b00000|100%| O|  |TAMS 0x0000000082a00000| PB 0x0000000082a00000| Untracked |  0
|  43|0x0000000082b00000, 0x0000000082c00000, 0x0000000082c00000|100%|HS|  |TAMS 0x0000000082b00000| PB 0x0000000082b00000| Complete |  0
|  44|0x0000000082c00000, 0x0000000082d00000, 0x0000000082d00000|100%| O|  |TAMS 0x0000000082c00000| PB 0x0000000082c00000| Untracked |  0
|  45|0x0000000082d00000, 0x0000000082e00000, 0x0000000082e00000|100%| O|  |TAMS 0x0000000082d00000| PB 0x0000000082d00000| Untracked |  0
|  46|0x0000000082e00000, 0x0000000082f00000, 0x0000000082f00000|100%| O|  |TAMS 0x0000000082e00000| PB 0x0000000082e00000| Untracked |  0
|  47|0x0000000082f00000, 0x0000000083000000, 0x0000000083000000|100%| O|  |TAMS 0x0000000082f00000| PB 0x0000000082f00000| Untracked |  0
|  48|0x0000000083000000, 0x0000000083100000, 0x0000000083100000|100%| O|  |TAMS 0x0000000083000000| PB 0x0000000083000000| Untracked |  0
|  49|0x0000000083100000, 0x0000000083200000, 0x0000000083200000|100%| O|  |TAMS 0x0000000083100000| PB 0x0000000083100000| Untracked |  0
|  50|0x0000000083200000, 0x0000000083300000, 0x0000000083300000|100%| O|  |TAMS 0x0000000083200000| PB 0x0000000083200000| Untracked |  0
|  51|0x0000000083300000, 0x0000000083400000, 0x0000000083400000|100%| O|  |TAMS 0x0000000083300000| PB 0x0000000083300000| Untracked |  0
|  52|0x0000000083400000, 0x0000000083500000, 0x0000000083500000|100%| O|  |TAMS 0x0000000083400000| PB 0x0000000083400000| Untracked |  0
|  53|0x0000000083500000, 0x0000000083600000, 0x0000000083600000|100%| O|  |TAMS 0x0000000083500000| PB 0x0000000083500000| Untracked |  0
|  54|0x0000000083600000, 0x0000000083700000, 0x0000000083700000|100%|HS|  |TAMS 0x0000000083600000| PB 0x0000000083600000| Complete |  0
|  55|0x0000000083700000, 0x0000000083800000, 0x0000000083800000|100%| O|  |TAMS 0x0000000083700000| PB 0x0000000083700000| Untracked |  0
|  56|0x0000000083800000, 0x0000000083900000, 0x0000000083900000|100%| O|  |TAMS 0x0000000083800000| PB 0x0000000083800000| Untracked |  0
|  57|0x0000000083900000, 0x0000000083a00000, 0x0000000083a00000|100%| O|  |TAMS 0x0000000083900000| PB 0x0000000083900000| Untracked |  0
|  58|0x0000000083a00000, 0x0000000083b00000, 0x0000000083b00000|100%| O|  |TAMS 0x0000000083a00000| PB 0x0000000083a00000| Untracked |  0
|  59|0x0000000083b00000, 0x0000000083c00000, 0x0000000083c00000|100%| O|  |TAMS 0x0000000083b00000| PB 0x0000000083b00000| Untracked |  0
|  60|0x0000000083c00000, 0x0000000083d00000, 0x0000000083d00000|100%| O|  |TAMS 0x0000000083c00000| PB 0x0000000083c00000| Untracked |  0
|  61|0x0000000083d00000, 0x0000000083e00000, 0x0000000083e00000|100%| O|  |TAMS 0x0000000083d00000| PB 0x0000000083d00000| Untracked |  0
|  62|0x0000000083e00000, 0x0000000083f00000, 0x0000000083f00000|100%| O|  |TAMS 0x0000000083e00000| PB 0x0000000083e00000| Untracked |  0
|  63|0x0000000083f00000, 0x0000000084000000, 0x0000000084000000|100%| O|CS|TAMS 0x0000000083f00000| PB 0x0000000083f00000| Complete |  0
|  64|0x0000000084000000, 0x0000000084100000, 0x0000000084100000|100%| O|  |TAMS 0x0000000084000000| PB 0x0000000084000000| Untracked |  0
|  65|0x0000000084100000, 0x0000000084200000, 0x0000000084200000|100%| O|  |TAMS 0x0000000084100000| PB 0x0000000084100000| Untracked |  0
|  66|0x0000000084200000, 0x0000000084300000, 0x0000000084300000|100%| O|  |TAMS 0x0000000084200000| PB 0x0000000084200000| Untracked |  0
|  67|0x0000000084300000, 0x0000000084400000, 0x0000000084400000|100%| O|  |TAMS 0x0000000084300000| PB 0x0000000084300000| Untracked |  0
|  68|0x0000000084400000, 0x0000000084500000, 0x0000000084500000|100%|HS|  |TAMS 0x0000000084400000| PB 0x0000000084400000| Complete |  0
|  69|0x0000000084500000, 0x0000000084600000, 0x0000000084600000|100%| O|  |TAMS 0x0000000084500000| PB 0x0000000084500000| Untracked |  0
|  70|0x0000000084600000, 0x0000000084700000, 0x0000000084700000|100%| O|  |TAMS 0x0000000084600000| PB 0x0000000084600000| Untracked |  0
|  71|0x0000000084700000, 0x0000000084800000, 0x0000000084800000|100%| O|  |TAMS 0x0000000084700000| PB 0x0000000084700000| Untracked |  0
|  72|0x0000000084800000, 0x0000000084900000, 0x0000000084900000|100%| O|  |TAMS 0x0000000084800000| PB 0x0000000084800000| Untracked |  0
|  73|0x0000000084900000, 0x0000000084a00000, 0x0000000084a00000|100%| O|  |TAMS 0x0000000084900000| PB 0x0000000084900000| Untracked |  0
|  74|0x0000000084a00000, 0x0000000084b00000, 0x0000000084b00000|100%| O|  |TAMS 0x0000000084a00000| PB 0x0000000084a00000| Untracked |  0
|  75|0x0000000084b00000, 0x0000000084c00000, 0x0000000084c00000|100%| O|  |TAMS 0x0000000084b00000| PB 0x0000000084b00000| Untracked |  0
|  76|0x0000000084c00000, 0x0000000084d00000, 0x0000000084d00000|100%| O|  |TAMS 0x0000000084c00000| PB 0x0000000084c00000| Untracked |  0
|  77|0x0000000084d00000, 0x0000000084e00000, 0x0000000084e00000|100%| O|  |TAMS 0x0000000084d00000| PB 0x0000000084d00000| Untracked |  0
|  78|0x0000000084e00000, 0x0000000084f00000, 0x0000000084f00000|100%| O|  |TAMS 0x0000000084e00000| PB 0x0000000084e00000| Untracked |  0
|  79|0x0000000084f00000, 0x0000000085000000, 0x0000000085000000|100%| O|  |TAMS 0x0000000084f00000| PB 0x0000000084f00000| Untracked |  0
|  80|0x0000000085000000, 0x0000000085100000, 0x0000000085100000|100%| O|  |TAMS 0x0000000085000000| PB 0x0000000085000000| Untracked |  0
|  81|0x0000000085100000, 0x0000000085200000, 0x0000000085200000|100%| O|  |TAMS 0x0000000085100000| PB 0x0000000085100000| Untracked |  0
|  82|0x0000000085200000, 0x0000000085300000, 0x0000000085300000|100%| O|  |TAMS 0x0000000085200000| PB 0x0000000085200000| Untracked |  0
|  83|0x0000000085300000, 0x0000000085400000, 0x0000000085400000|100%| O|  |TAMS 0x0000000085300000| PB 0x0000000085300000| Untracked |  0
|  84|0x0000000085400000, 0x0000000085500000, 0x0000000085500000|100%| O|  |TAMS 0x0000000085400000| PB 0x0000000085400000| Untracked |  0
|  85|0x0000000085500000, 0x0000000085600000, 0x0000000085600000|100%| O|  |TAMS 0x0000000085500000| PB 0x0000000085500000| Untracked |  0
|  86|0x0000000085600000, 0x0000000085700000, 0x0000000085700000|100%| O|  |TAMS 0x0000000085600000| PB 0x0000000085600000| Untracked |  0
|  87|0x0000000085700000, 0x0000000085800000, 0x0000000085800000|100%| O|  |TAMS 0x0000000085700000| PB 0x0000000085700000| Untracked |  0
|  88|0x0000000085800000, 0x0000000085900000, 0x0000000085900000|100%|HS|  |TAMS 0x0000000085800000| PB 0x0000000085800000| Complete |  0
|  89|0x0000000085900000, 0x0000000085a00000, 0x0000000085a00000|100%| O|  |TAMS 0x0000000085900000| PB 0x0000000085900000| Untracked |  0
|  90|0x0000000085a00000, 0x0000000085b00000, 0x0000000085b00000|100%| O|  |TAMS 0x0000000085a00000| PB 0x0000000085a00000| Untracked |  0
|  91|0x0000000085b00000, 0x0000000085c00000, 0x0000000085c00000|100%| O|  |TAMS 0x0000000085b00000| PB 0x0000000085b00000| Untracked |  0
|  92|0x0000000085c00000, 0x0000000085d00000, 0x0000000085d00000|100%| O|  |TAMS 0x0000000085c00000| PB 0x0000000085c00000| Untracked |  0
|  93|0x0000000085d00000, 0x0000000085e00000, 0x0000000085e00000|100%| O|  |TAMS 0x0000000085d00000| PB 0x0000000085d00000| Untracked |  0
|  94|0x0000000085e00000, 0x0000000085f00000, 0x0000000085f00000|100%| O|  |TAMS 0x0000000085e00000| PB 0x0000000085e00000| Untracked |  0
|  95|0x0000000085f00000, 0x0000000086000000, 0x0000000086000000|100%|HS|  |TAMS 0x0000000085f00000| PB 0x0000000085f00000| Complete |  0
|  96|0x0000000086000000, 0x0000000086100000, 0x0000000086100000|100%|HC|  |TAMS 0x0000000086000000| PB 0x0000000086000000| Complete |  0
|  97|0x0000000086100000, 0x0000000086200000, 0x0000000086200000|100%| O|  |TAMS 0x0000000086100000| PB 0x0000000086100000| Untracked |  0
|  98|0x0000000086200000, 0x0000000086300000, 0x0000000086300000|100%| O|  |TAMS 0x0000000086200000| PB 0x0000000086200000| Untracked |  0
|  99|0x0000000086300000, 0x0000000086400000, 0x0000000086400000|100%|HS|  |TAMS 0x0000000086300000| PB 0x0000000086300000| Complete |  0
| 100|0x0000000086400000, 0x0000000086500000, 0x0000000086500000|100%| O|  |TAMS 0x0000000086400000| PB 0x0000000086400000| Untracked |  0
| 101|0x0000000086500000, 0x0000000086600000, 0x0000000086600000|100%| O|  |TAMS 0x0000000086500000| PB 0x0000000086500000| Untracked |  0
| 102|0x0000000086600000, 0x0000000086700000, 0x0000000086700000|100%| O|  |TAMS 0x0000000086600000| PB 0x0000000086600000| Untracked |  0
| 103|0x0000000086700000, 0x0000000086800000, 0x0000000086800000|100%| O|  |TAMS 0x0000000086700000| PB 0x0000000086700000| Untracked |  0
| 104|0x0000000086800000, 0x0000000086900000, 0x0000000086900000|100%| O|  |TAMS 0x0000000086800000| PB 0x0000000086800000| Untracked |  0
| 105|0x0000000086900000, 0x0000000086a00000, 0x0000000086a00000|100%| O|CS|TAMS 0x0000000086900000| PB 0x0000000086900000| Complete |  0
| 106|0x0000000086a00000, 0x0000000086b00000, 0x0000000086b00000|100%| O|CS|TAMS 0x0000000086a00000| PB 0x0000000086a00000| Complete |  0
| 107|0x0000000086b00000, 0x0000000086c00000, 0x0000000086c00000|100%| O|  |TAMS 0x0000000086b00000| PB 0x0000000086b00000| Untracked |  0
| 108|0x0000000086c00000, 0x0000000086d00000, 0x0000000086d00000|100%| O|  |TAMS 0x0000000086c00000| PB 0x0000000086c00000| Untracked |  0
| 109|0x0000000086d00000, 0x0000000086e00000, 0x0000000086e00000|100%| O|  |TAMS 0x0000000086d00000| PB 0x0000000086d00000| Untracked |  0
| 110|0x0000000086e00000, 0x0000000086f00000, 0x0000000086f00000|100%| O|  |TAMS 0x0000000086e00000| PB 0x0000000086e00000| Untracked |  0
| 111|0x0000000086f00000, 0x0000000087000000, 0x0000000087000000|100%|HS|  |TAMS 0x0000000086f00000| PB 0x0000000086f00000| Complete |  0
| 112|0x0000000087000000, 0x0000000087100000, 0x0000000087100000|100%| O|  |TAMS 0x0000000087000000| PB 0x0000000087000000| Untracked |  0
| 113|0x0000000087100000, 0x0000000087200000, 0x0000000087200000|100%| O|  |TAMS 0x0000000087100000| PB 0x0000000087100000| Untracked |  0
| 114|0x0000000087200000, 0x0000000087300000, 0x0000000087300000|100%| O|  |TAMS 0x0000000087200000| PB 0x0000000087200000| Untracked |  0
| 115|0x0000000087300000, 0x0000000087400000, 0x0000000087400000|100%| O|  |TAMS 0x0000000087300000| PB 0x0000000087300000| Untracked |  0
| 116|0x0000000087400000, 0x0000000087500000, 0x0000000087500000|100%| O|  |TAMS 0x0000000087400000| PB 0x0000000087400000| Untracked |  0
| 117|0x0000000087500000, 0x0000000087600000, 0x0000000087600000|100%| O|  |TAMS 0x0000000087500000| PB 0x0000000087500000| Untracked |  0
| 118|0x0000000087600000, 0x0000000087700000, 0x0000000087700000|100%| O|  |TAMS 0x0000000087600000| PB 0x0000000087600000| Untracked |  0
| 119|0x0000000087700000, 0x0000000087800000, 0x0000000087800000|100%| O|CS|TAMS 0x0000000087700000| PB 0x0000000087700000| Complete |  0
| 120|0x0000000087800000, 0x0000000087900000, 0x0000000087900000|100%| O|  |TAMS 0x0000000087800000| PB 0x0000000087800000| Untracked |  0
| 121|0x0000000087900000, 0x0000000087a00000, 0x0000000087a00000|100%| O|  |TAMS 0x0000000087900000| PB 0x0000000087900000| Untracked |  0
| 122|0x0000000087a00000, 0x0000000087b00000, 0x0000000087b00000|100%| O|  |TAMS 0x0000000087a00000| PB 0x0000000087a00000| Untracked |  0
| 123|0x0000000087b00000, 0x0000000087c00000, 0x0000000087c00000|100%| O|  |TAMS 0x0000000087b00000| PB 0x0000000087b00000| Untracked |  0
| 124|0x0000000087c00000, 0x0000000087d00000, 0x0000000087d00000|100%| O|  |TAMS 0x0000000087c00000| PB 0x0000000087c00000| Untracked |  0
| 125|0x0000000087d00000, 0x0000000087e00000, 0x0000000087e00000|100%| O|  |TAMS 0x0000000087d00000| PB 0x0000000087d00000| Untracked |  0
| 126|0x0000000087e00000, 0x0000000087f00000, 0x0000000087f00000|100%| O|  |TAMS 0x0000000087e00000| PB 0x0000000087e00000| Untracked |  0
| 127|0x0000000087f00000, 0x0000000087fedd80, 0x0000000088000000| 92%| O|  |TAMS 0x0000000087f00000| PB 0x0000000087f00000| Untracked |  0
| 128|0x0000000088000000, 0x0000000088000000, 0x0000000088100000|  0%| F|  |TAMS 0x0000000088000000| PB 0x0000000088000000| Untracked |  0
| 129|0x0000000088100000, 0x0000000088200000, 0x0000000088200000|100%| O|  |TAMS 0x0000000088100000| PB 0x0000000088100000| Untracked |  0
| 130|0x0000000088200000, 0x0000000088300000, 0x0000000088300000|100%| O|  |TAMS 0x0000000088200000| PB 0x0000000088200000| Untracked |  0
| 131|0x0000000088300000, 0x0000000088400000, 0x0000000088400000|100%| O|  |TAMS 0x0000000088300000| PB 0x0000000088300000| Untracked |  0
| 132|0x0000000088400000, 0x0000000088500000, 0x0000000088500000|100%| O|  |TAMS 0x0000000088400000| PB 0x0000000088400000| Untracked |  0
| 133|0x0000000088500000, 0x0000000088600000, 0x0000000088600000|100%| O|  |TAMS 0x0000000088500000| PB 0x0000000088500000| Untracked |  0
| 134|0x0000000088600000, 0x0000000088700000, 0x0000000088700000|100%| O|  |TAMS 0x0000000088600000| PB 0x0000000088600000| Untracked |  0
| 135|0x0000000088700000, 0x0000000088800000, 0x0000000088800000|100%| O|  |TAMS 0x0000000088700000| PB 0x0000000088700000| Untracked |  0
| 136|0x0000000088800000, 0x0000000088900000, 0x0000000088900000|100%| O|  |TAMS 0x0000000088800000| PB 0x0000000088800000| Untracked |  0
| 137|0x0000000088900000, 0x0000000088a00000, 0x0000000088a00000|100%| O|  |TAMS 0x0000000088900000| PB 0x0000000088900000| Untracked |  0
| 138|0x0000000088a00000, 0x0000000088a00000, 0x0000000088b00000|  0%| F|  |TAMS 0x0000000088a00000| PB 0x0000000088a00000| Untracked |  0
| 139|0x0000000088b00000, 0x0000000088b00000, 0x0000000088c00000|  0%| F|  |TAMS 0x0000000088b00000| PB 0x0000000088b00000| Untracked |  0
| 140|0x0000000088c00000, 0x0000000088c00000, 0x0000000088d00000|  0%| F|  |TAMS 0x0000000088c00000| PB 0x0000000088c00000| Untracked |  0
| 141|0x0000000088d00000, 0x0000000088d00000, 0x0000000088e00000|  0%| F|  |TAMS 0x0000000088d00000| PB 0x0000000088d00000| Untracked |  0
| 142|0x0000000088e00000, 0x0000000088e00000, 0x0000000088f00000|  0%| F|  |TAMS 0x0000000088e00000| PB 0x0000000088e00000| Untracked |  0
| 143|0x0000000088f00000, 0x0000000088f00000, 0x0000000089000000|  0%| F|  |TAMS 0x0000000088f00000| PB 0x0000000088f00000| Untracked |  0
| 144|0x0000000089000000, 0x0000000089000000, 0x0000000089100000|  0%| F|  |TAMS 0x0000000089000000| PB 0x0000000089000000| Untracked |  0
| 145|0x0000000089100000, 0x0000000089100000, 0x0000000089200000|  0%| F|  |TAMS 0x0000000089100000| PB 0x0000000089100000| Untracked |  0
| 146|0x0000000089200000, 0x0000000089200000, 0x0000000089300000|  0%| F|  |TAMS 0x0000000089200000| PB 0x0000000089200000| Untracked |  0
| 147|0x0000000089300000, 0x0000000089300000, 0x0000000089400000|  0%| F|  |TAMS 0x0000000089300000| PB 0x0000000089300000| Untracked |  0
| 148|0x0000000089400000, 0x0000000089400000, 0x0000000089500000|  0%| F|  |TAMS 0x0000000089400000| PB 0x0000000089400000| Untracked |  0
| 149|0x0000000089500000, 0x0000000089500000, 0x0000000089600000|  0%| F|  |TAMS 0x0000000089500000| PB 0x0000000089500000| Untracked |  0
| 150|0x0000000089600000, 0x0000000089600000, 0x0000000089700000|  0%| F|  |TAMS 0x0000000089600000| PB 0x0000000089600000| Untracked |  0
| 151|0x0000000089700000, 0x0000000089700000, 0x0000000089800000|  0%| F|  |TAMS 0x0000000089700000| PB 0x0000000089700000| Untracked |  0
| 152|0x0000000089800000, 0x0000000089800000, 0x0000000089900000|  0%| F|  |TAMS 0x0000000089800000| PB 0x0000000089800000| Untracked |  0
| 153|0x0000000089900000, 0x0000000089900000, 0x0000000089a00000|  0%| F|  |TAMS 0x0000000089900000| PB 0x0000000089900000| Untracked |  0
| 154|0x0000000089a00000, 0x0000000089a00000, 0x0000000089b00000|  0%| F|  |TAMS 0x0000000089a00000| PB 0x0000000089a00000| Untracked |  0
| 155|0x0000000089b00000, 0x0000000089b00000, 0x0000000089c00000|  0%| F|  |TAMS 0x0000000089b00000| PB 0x0000000089b00000| Untracked |  0
| 156|0x0000000089c00000, 0x0000000089d00000, 0x0000000089d00000|100%| E|CS|TAMS 0x0000000089c00000| PB 0x0000000089c00000| Complete |  0
| 157|0x0000000089d00000, 0x0000000089e00000, 0x0000000089e00000|100%| E|CS|TAMS 0x0000000089d00000| PB 0x0000000089d00000| Complete |  0
| 158|0x0000000089e00000, 0x0000000089f00000, 0x0000000089f00000|100%| E|CS|TAMS 0x0000000089e00000| PB 0x0000000089e00000| Complete |  0
| 159|0x0000000089f00000, 0x000000008a000000, 0x000000008a000000|100%| E|CS|TAMS 0x0000000089f00000| PB 0x0000000089f00000| Complete |  0
| 160|0x000000008a000000, 0x000000008a100000, 0x000000008a100000|100%| E|CS|TAMS 0x000000008a000000| PB 0x000000008a000000| Complete |  0
| 161|0x000000008a100000, 0x000000008a200000, 0x000000008a200000|100%| E|CS|TAMS 0x000000008a100000| PB 0x000000008a100000| Complete |  0
| 162|0x000000008a200000, 0x000000008a300000, 0x000000008a300000|100%| E|CS|TAMS 0x000000008a200000| PB 0x000000008a200000| Complete |  0
| 163|0x000000008a300000, 0x000000008a400000, 0x000000008a400000|100%| E|CS|TAMS 0x000000008a300000| PB 0x000000008a300000| Complete |  0
| 164|0x000000008a400000, 0x000000008a500000, 0x000000008a500000|100%| E|CS|TAMS 0x000000008a400000| PB 0x000000008a400000| Complete |  0
| 165|0x000000008a500000, 0x000000008a600000, 0x000000008a600000|100%| E|CS|TAMS 0x000000008a500000| PB 0x000000008a500000| Complete |  0
| 166|0x000000008a600000, 0x000000008a700000, 0x000000008a700000|100%| E|CS|TAMS 0x000000008a600000| PB 0x000000008a600000| Complete |  0
| 167|0x000000008a700000, 0x000000008a800000, 0x000000008a800000|100%| E|CS|TAMS 0x000000008a700000| PB 0x000000008a700000| Complete |  0
| 168|0x000000008a800000, 0x000000008a900000, 0x000000008a900000|100%| E|CS|TAMS 0x000000008a800000| PB 0x000000008a800000| Complete |  0
| 169|0x000000008a900000, 0x000000008aa00000, 0x000000008aa00000|100%| E|CS|TAMS 0x000000008a900000| PB 0x000000008a900000| Complete |  0
| 170|0x000000008aa00000, 0x000000008ab00000, 0x000000008ab00000|100%| E|CS|TAMS 0x000000008aa00000| PB 0x000000008aa00000| Complete |  0
| 171|0x000000008ab00000, 0x000000008ac00000, 0x000000008ac00000|100%| E|CS|TAMS 0x000000008ab00000| PB 0x000000008ab00000| Complete |  0
| 172|0x000000008ac00000, 0x000000008ad00000, 0x000000008ad00000|100%| E|CS|TAMS 0x000000008ac00000| PB 0x000000008ac00000| Complete |  0
| 173|0x000000008ad00000, 0x000000008ae00000, 0x000000008ae00000|100%| E|CS|TAMS 0x000000008ad00000| PB 0x000000008ad00000| Complete |  0
| 174|0x000000008ae00000, 0x000000008ae51cc0, 0x000000008af00000| 31%| S|  |TAMS 0x000000008ae00000| PB 0x000000008ae00000| Complete |  0
| 175|0x000000008af00000, 0x000000008b000000, 0x000000008b000000|100%| S|  |TAMS 0x000000008af00000| PB 0x000000008af00000| Complete |  0
| 176|0x000000008b000000, 0x000000008b100000, 0x000000008b100000|100%| S|  |TAMS 0x000000008b000000| PB 0x000000008b000000| Complete |  0
| 177|0x000000008b100000, 0x000000008b200000, 0x000000008b200000|100%| S|  |TAMS 0x000000008b100000| PB 0x000000008b100000| Complete |  0
| 178|0x000000008b200000, 0x000000008b300000, 0x000000008b300000|100%| S|  |TAMS 0x000000008b200000| PB 0x000000008b200000| Complete |  0
| 179|0x000000008b300000, 0x000000008b400000, 0x000000008b400000|100%| S|  |TAMS 0x000000008b300000| PB 0x000000008b300000| Complete |  0
| 180|0x000000008b400000, 0x000000008b500000, 0x000000008b500000|100%| S|  |TAMS 0x000000008b400000| PB 0x000000008b400000| Complete |  0
| 181|0x000000008b500000, 0x000000008b600000, 0x000000008b600000|100%| S|  |TAMS 0x000000008b500000| PB 0x000000008b500000| Complete |  0
| 182|0x000000008b600000, 0x000000008b700000, 0x000000008b700000|100%| S|  |TAMS 0x000000008b600000| PB 0x000000008b600000| Complete |  0
| 183|0x000000008b700000, 0x000000008b800000, 0x000000008b800000|100%| S|  |TAMS 0x000000008b700000| PB 0x000000008b700000| Complete |  0
| 184|0x000000008b800000, 0x000000008b900000, 0x000000008b900000|100%| S|  |TAMS 0x000000008b800000| PB 0x000000008b800000| Complete |  0
| 185|0x000000008b900000, 0x000000008ba00000, 0x000000008ba00000|100%| S|  |TAMS 0x000000008b900000| PB 0x000000008b900000| Complete |  0
| 186|0x000000008ba00000, 0x000000008bb00000, 0x000000008bb00000|100%| S|  |TAMS 0x000000008ba00000| PB 0x000000008ba00000| Complete |  0
| 187|0x000000008bb00000, 0x000000008bc00000, 0x000000008bc00000|100%| S|  |TAMS 0x000000008bb00000| PB 0x000000008bb00000| Complete |  0
| 188|0x000000008bc00000, 0x000000008bd00000, 0x000000008bd00000|100%| S|  |TAMS 0x000000008bc00000| PB 0x000000008bc00000| Complete |  0
| 189|0x000000008bd00000, 0x000000008be00000, 0x000000008be00000|100%| S|  |TAMS 0x000000008bd00000| PB 0x000000008bd00000| Complete |  0
| 190|0x000000008be00000, 0x000000008bf00000, 0x000000008bf00000|100%| S|  |TAMS 0x000000008be00000| PB 0x000000008be00000| Complete |  0
| 191|0x000000008bf00000, 0x000000008c000000, 0x000000008c000000|100%| S|  |TAMS 0x000000008bf00000| PB 0x000000008bf00000| Complete |  0
| 192|0x000000008c000000, 0x000000008c100000, 0x000000008c100000|100%| E|CS|TAMS 0x000000008c000000| PB 0x000000008c000000| Complete |  0
| 193|0x000000008c100000, 0x000000008c200000, 0x000000008c200000|100%| E|CS|TAMS 0x000000008c100000| PB 0x000000008c100000| Complete |  0
| 194|0x000000008c200000, 0x000000008c300000, 0x000000008c300000|100%| E|CS|TAMS 0x000000008c200000| PB 0x000000008c200000| Complete |  0
| 195|0x000000008c300000, 0x000000008c400000, 0x000000008c400000|100%| E|CS|TAMS 0x000000008c300000| PB 0x000000008c300000| Complete |  0
| 196|0x000000008c400000, 0x000000008c500000, 0x000000008c500000|100%| E|CS|TAMS 0x000000008c400000| PB 0x000000008c400000| Complete |  0
| 197|0x000000008c500000, 0x000000008c600000, 0x000000008c600000|100%| E|CS|TAMS 0x000000008c500000| PB 0x000000008c500000| Complete |  0
| 198|0x000000008c600000, 0x000000008c700000, 0x000000008c700000|100%| E|CS|TAMS 0x000000008c600000| PB 0x000000008c600000| Complete |  0
| 199|0x000000008c700000, 0x000000008c800000, 0x000000008c800000|100%| E|CS|TAMS 0x000000008c700000| PB 0x000000008c700000| Complete |  0
| 200|0x000000008c800000, 0x000000008c900000, 0x000000008c900000|100%| E|CS|TAMS 0x000000008c800000| PB 0x000000008c800000| Complete |  0
| 201|0x000000008c900000, 0x000000008ca00000, 0x000000008ca00000|100%| E|CS|TAMS 0x000000008c900000| PB 0x000000008c900000| Complete |  0
| 202|0x000000008ca00000, 0x000000008cb00000, 0x000000008cb00000|100%| E|CS|TAMS 0x000000008ca00000| PB 0x000000008ca00000| Complete |  0
| 203|0x000000008cb00000, 0x000000008cc00000, 0x000000008cc00000|100%| E|CS|TAMS 0x000000008cb00000| PB 0x000000008cb00000| Complete |  0
| 204|0x000000008cc00000, 0x000000008cd00000, 0x000000008cd00000|100%| E|CS|TAMS 0x000000008cc00000| PB 0x000000008cc00000| Complete |  0
| 205|0x000000008cd00000, 0x000000008ce00000, 0x000000008ce00000|100%| E|CS|TAMS 0x000000008cd00000| PB 0x000000008cd00000| Complete |  0
| 206|0x000000008ce00000, 0x000000008cf00000, 0x000000008cf00000|100%| E|CS|TAMS 0x000000008ce00000| PB 0x000000008ce00000| Complete |  0
| 207|0x000000008cf00000, 0x000000008d000000, 0x000000008d000000|100%| E|CS|TAMS 0x000000008cf00000| PB 0x000000008cf00000| Complete |  0
| 208|0x000000008d000000, 0x000000008d100000, 0x000000008d100000|100%| E|CS|TAMS 0x000000008d000000| PB 0x000000008d000000| Complete |  0
| 209|0x000000008d100000, 0x000000008d200000, 0x000000008d200000|100%| E|CS|TAMS 0x000000008d100000| PB 0x000000008d100000| Complete |  0
| 210|0x000000008d200000, 0x000000008d300000, 0x000000008d300000|100%| E|CS|TAMS 0x000000008d200000| PB 0x000000008d200000| Complete |  0
| 211|0x000000008d300000, 0x000000008d400000, 0x000000008d400000|100%| E|CS|TAMS 0x000000008d300000| PB 0x000000008d300000| Complete |  0
| 212|0x000000008d400000, 0x000000008d500000, 0x000000008d500000|100%| E|CS|TAMS 0x000000008d400000| PB 0x000000008d400000| Complete |  0
| 213|0x000000008d500000, 0x000000008d600000, 0x000000008d600000|100%| E|CS|TAMS 0x000000008d500000| PB 0x000000008d500000| Complete |  0
| 214|0x000000008d600000, 0x000000008d700000, 0x000000008d700000|100%| E|CS|TAMS 0x000000008d600000| PB 0x000000008d600000| Complete |  0
| 215|0x000000008d700000, 0x000000008d800000, 0x000000008d800000|100%| E|CS|TAMS 0x000000008d700000| PB 0x000000008d700000| Complete |  0
| 216|0x000000008d800000, 0x000000008d900000, 0x000000008d900000|100%| E|CS|TAMS 0x000000008d800000| PB 0x000000008d800000| Complete |  0
| 217|0x000000008d900000, 0x000000008da00000, 0x000000008da00000|100%| E|CS|TAMS 0x000000008d900000| PB 0x000000008d900000| Complete |  0
| 218|0x000000008da00000, 0x000000008db00000, 0x000000008db00000|100%| E|CS|TAMS 0x000000008da00000| PB 0x000000008da00000| Complete |  0
| 219|0x000000008db00000, 0x000000008dc00000, 0x000000008dc00000|100%| E|CS|TAMS 0x000000008db00000| PB 0x000000008db00000| Complete |  0
| 220|0x000000008dc00000, 0x000000008dd00000, 0x000000008dd00000|100%| E|CS|TAMS 0x000000008dc00000| PB 0x000000008dc00000| Complete |  0
| 221|0x000000008dd00000, 0x000000008de00000, 0x000000008de00000|100%| E|CS|TAMS 0x000000008dd00000| PB 0x000000008dd00000| Complete |  0
| 222|0x000000008de00000, 0x000000008df00000, 0x000000008df00000|100%| E|CS|TAMS 0x000000008de00000| PB 0x000000008de00000| Complete |  0
| 223|0x000000008df00000, 0x000000008e000000, 0x000000008e000000|100%| E|CS|TAMS 0x000000008df00000| PB 0x000000008df00000| Complete |  0
| 224|0x000000008e000000, 0x000000008e100000, 0x000000008e100000|100%| E|CS|TAMS 0x000000008e000000| PB 0x000000008e000000| Complete |  0
| 225|0x000000008e100000, 0x000000008e200000, 0x000000008e200000|100%| E|CS|TAMS 0x000000008e100000| PB 0x000000008e100000| Complete |  0
| 226|0x000000008e200000, 0x000000008e300000, 0x000000008e300000|100%| E|CS|TAMS 0x000000008e200000| PB 0x000000008e200000| Complete |  0
| 227|0x000000008e300000, 0x000000008e400000, 0x000000008e400000|100%| E|CS|TAMS 0x000000008e300000| PB 0x000000008e300000| Complete |  0
| 228|0x000000008e400000, 0x000000008e500000, 0x000000008e500000|100%| E|CS|TAMS 0x000000008e400000| PB 0x000000008e400000| Complete |  0
| 229|0x000000008e500000, 0x000000008e600000, 0x000000008e600000|100%| E|CS|TAMS 0x000000008e500000| PB 0x000000008e500000| Complete |  0
| 230|0x000000008e600000, 0x000000008e700000, 0x000000008e700000|100%| E|CS|TAMS 0x000000008e600000| PB 0x000000008e600000| Complete |  0
| 231|0x000000008e700000, 0x000000008e800000, 0x000000008e800000|100%| E|CS|TAMS 0x000000008e700000| PB 0x000000008e700000| Complete |  0
| 232|0x000000008e800000, 0x000000008e900000, 0x000000008e900000|100%| E|CS|TAMS 0x000000008e800000| PB 0x000000008e800000| Complete |  0
| 233|0x000000008e900000, 0x000000008ea00000, 0x000000008ea00000|100%| E|CS|TAMS 0x000000008e900000| PB 0x000000008e900000| Complete |  0
| 234|0x000000008ea00000, 0x000000008eb00000, 0x000000008eb00000|100%| E|CS|TAMS 0x000000008ea00000| PB 0x000000008ea00000| Complete |  0
| 235|0x000000008eb00000, 0x000000008ec00000, 0x000000008ec00000|100%| E|CS|TAMS 0x000000008eb00000| PB 0x000000008eb00000| Complete |  0
| 236|0x000000008ec00000, 0x000000008ed00000, 0x000000008ed00000|100%| E|CS|TAMS 0x000000008ec00000| PB 0x000000008ec00000| Complete |  0
| 237|0x000000008ed00000, 0x000000008ee00000, 0x000000008ee00000|100%| E|CS|TAMS 0x000000008ed00000| PB 0x000000008ed00000| Complete |  0
| 238|0x000000008ee00000, 0x000000008ef00000, 0x000000008ef00000|100%| E|CS|TAMS 0x000000008ee00000| PB 0x000000008ee00000| Complete |  0
| 239|0x000000008ef00000, 0x000000008f000000, 0x000000008f000000|100%| E|CS|TAMS 0x000000008ef00000| PB 0x000000008ef00000| Complete |  0
| 240|0x000000008f000000, 0x000000008f100000, 0x000000008f100000|100%| E|CS|TAMS 0x000000008f000000| PB 0x000000008f000000| Complete |  0
| 241|0x000000008f100000, 0x000000008f200000, 0x000000008f200000|100%| E|CS|TAMS 0x000000008f100000| PB 0x000000008f100000| Complete |  0
| 242|0x000000008f200000, 0x000000008f300000, 0x000000008f300000|100%| E|CS|TAMS 0x000000008f200000| PB 0x000000008f200000| Complete |  0
| 243|0x000000008f300000, 0x000000008f400000, 0x000000008f400000|100%| E|CS|TAMS 0x000000008f300000| PB 0x000000008f300000| Complete |  0
| 244|0x000000008f400000, 0x000000008f500000, 0x000000008f500000|100%| E|CS|TAMS 0x000000008f400000| PB 0x000000008f400000| Complete |  0
| 245|0x000000008f500000, 0x000000008f600000, 0x000000008f600000|100%| E|CS|TAMS 0x000000008f500000| PB 0x000000008f500000| Complete |  0
| 246|0x000000008f600000, 0x000000008f700000, 0x000000008f700000|100%| E|CS|TAMS 0x000000008f600000| PB 0x000000008f600000| Complete |  0
| 247|0x000000008f700000, 0x000000008f800000, 0x000000008f800000|100%| E|CS|TAMS 0x000000008f700000| PB 0x000000008f700000| Complete |  0
| 248|0x000000008f800000, 0x000000008f900000, 0x000000008f900000|100%| E|CS|TAMS 0x000000008f800000| PB 0x000000008f800000| Complete |  0
| 249|0x000000008f900000, 0x000000008fa00000, 0x000000008fa00000|100%| E|CS|TAMS 0x000000008f900000| PB 0x000000008f900000| Complete |  0
| 250|0x000000008fa00000, 0x000000008fb00000, 0x000000008fb00000|100%| E|CS|TAMS 0x000000008fa00000| PB 0x000000008fa00000| Complete |  0
| 251|0x000000008fb00000, 0x000000008fc00000, 0x000000008fc00000|100%| E|CS|TAMS 0x000000008fb00000| PB 0x000000008fb00000| Complete |  0
| 252|0x000000008fc00000, 0x000000008fd00000, 0x000000008fd00000|100%| E|CS|TAMS 0x000000008fc00000| PB 0x000000008fc00000| Complete |  0
| 253|0x000000008fd00000, 0x000000008fe00000, 0x000000008fe00000|100%| E|CS|TAMS 0x000000008fd00000| PB 0x000000008fd00000| Complete |  0
| 254|0x000000008fe00000, 0x000000008ff00000, 0x000000008ff00000|100%| E|CS|TAMS 0x000000008fe00000| PB 0x000000008fe00000| Complete |  0
| 255|0x000000008ff00000, 0x0000000090000000, 0x0000000090000000|100%| E|CS|TAMS 0x000000008ff00000| PB 0x000000008ff00000| Complete |  0
| 256|0x0000000090000000, 0x0000000090100000, 0x0000000090100000|100%| E|CS|TAMS 0x0000000090000000| PB 0x0000000090000000| Complete |  0
| 257|0x0000000090100000, 0x0000000090200000, 0x0000000090200000|100%| E|CS|TAMS 0x0000000090100000| PB 0x0000000090100000| Complete |  0
| 258|0x0000000090200000, 0x0000000090300000, 0x0000000090300000|100%| E|CS|TAMS 0x0000000090200000| PB 0x0000000090200000| Complete |  0
| 259|0x0000000090300000, 0x0000000090400000, 0x0000000090400000|100%| E|CS|TAMS 0x0000000090300000| PB 0x0000000090300000| Complete |  0
| 260|0x0000000090400000, 0x0000000090500000, 0x0000000090500000|100%| E|CS|TAMS 0x0000000090400000| PB 0x0000000090400000| Complete |  0
| 261|0x0000000090500000, 0x0000000090600000, 0x0000000090600000|100%| E|CS|TAMS 0x0000000090500000| PB 0x0000000090500000| Complete |  0
| 262|0x0000000090600000, 0x0000000090700000, 0x0000000090700000|100%| E|CS|TAMS 0x0000000090600000| PB 0x0000000090600000| Complete |  0
| 263|0x0000000090700000, 0x0000000090800000, 0x0000000090800000|100%| E|CS|TAMS 0x0000000090700000| PB 0x0000000090700000| Complete |  0
| 264|0x0000000090800000, 0x0000000090900000, 0x0000000090900000|100%| E|CS|TAMS 0x0000000090800000| PB 0x0000000090800000| Complete |  0
| 265|0x0000000090900000, 0x0000000090a00000, 0x0000000090a00000|100%| E|CS|TAMS 0x0000000090900000| PB 0x0000000090900000| Complete |  0
| 266|0x0000000090a00000, 0x0000000090b00000, 0x0000000090b00000|100%| E|CS|TAMS 0x0000000090a00000| PB 0x0000000090a00000| Complete |  0
| 267|0x0000000090b00000, 0x0000000090c00000, 0x0000000090c00000|100%| E|CS|TAMS 0x0000000090b00000| PB 0x0000000090b00000| Complete |  0
| 268|0x0000000090c00000, 0x0000000090d00000, 0x0000000090d00000|100%| E|CS|TAMS 0x0000000090c00000| PB 0x0000000090c00000| Complete |  0
| 269|0x0000000090d00000, 0x0000000090e00000, 0x0000000090e00000|100%| E|CS|TAMS 0x0000000090d00000| PB 0x0000000090d00000| Complete |  0
| 270|0x0000000090e00000, 0x0000000090f00000, 0x0000000090f00000|100%| E|CS|TAMS 0x0000000090e00000| PB 0x0000000090e00000| Complete |  0
| 271|0x0000000090f00000, 0x0000000091000000, 0x0000000091000000|100%| E|CS|TAMS 0x0000000090f00000| PB 0x0000000090f00000| Complete |  0
| 272|0x0000000091000000, 0x0000000091100000, 0x0000000091100000|100%| E|CS|TAMS 0x0000000091000000| PB 0x0000000091000000| Complete |  0
| 273|0x0000000091100000, 0x0000000091200000, 0x0000000091200000|100%| E|CS|TAMS 0x0000000091100000| PB 0x0000000091100000| Complete |  0
| 274|0x0000000091200000, 0x0000000091300000, 0x0000000091300000|100%| E|CS|TAMS 0x0000000091200000| PB 0x0000000091200000| Complete |  0
| 275|0x0000000091300000, 0x0000000091400000, 0x0000000091400000|100%| E|CS|TAMS 0x0000000091300000| PB 0x0000000091300000| Complete |  0
| 276|0x0000000091400000, 0x0000000091500000, 0x0000000091500000|100%| E|CS|TAMS 0x0000000091400000| PB 0x0000000091400000| Complete |  0
| 277|0x0000000091500000, 0x0000000091600000, 0x0000000091600000|100%| E|CS|TAMS 0x0000000091500000| PB 0x0000000091500000| Complete |  0
| 278|0x0000000091600000, 0x0000000091700000, 0x0000000091700000|100%| E|CS|TAMS 0x0000000091600000| PB 0x0000000091600000| Complete |  0
| 279|0x0000000091700000, 0x0000000091800000, 0x0000000091800000|100%| E|CS|TAMS 0x0000000091700000| PB 0x0000000091700000| Complete |  0
| 280|0x0000000091800000, 0x0000000091900000, 0x0000000091900000|100%| E|CS|TAMS 0x0000000091800000| PB 0x0000000091800000| Complete |  0
| 281|0x0000000091900000, 0x0000000091a00000, 0x0000000091a00000|100%| E|CS|TAMS 0x0000000091900000| PB 0x0000000091900000| Complete |  0
| 282|0x0000000091a00000, 0x0000000091b00000, 0x0000000091b00000|100%| E|CS|TAMS 0x0000000091a00000| PB 0x0000000091a00000| Complete |  0
| 283|0x0000000091b00000, 0x0000000091c00000, 0x0000000091c00000|100%| E|CS|TAMS 0x0000000091b00000| PB 0x0000000091b00000| Complete |  0
| 284|0x0000000091c00000, 0x0000000091d00000, 0x0000000091d00000|100%| E|CS|TAMS 0x0000000091c00000| PB 0x0000000091c00000| Complete |  0
| 285|0x0000000091d00000, 0x0000000091e00000, 0x0000000091e00000|100%| E|CS|TAMS 0x0000000091d00000| PB 0x0000000091d00000| Complete |  0
| 286|0x0000000091e00000, 0x0000000091f00000, 0x0000000091f00000|100%| E|CS|TAMS 0x0000000091e00000| PB 0x0000000091e00000| Complete |  0
| 287|0x0000000091f00000, 0x0000000092000000, 0x0000000092000000|100%| E|CS|TAMS 0x0000000091f00000| PB 0x0000000091f00000| Complete |  0
| 288|0x0000000092000000, 0x0000000092100000, 0x0000000092100000|100%| E|CS|TAMS 0x0000000092000000| PB 0x0000000092000000| Complete |  0
| 289|0x0000000092100000, 0x0000000092200000, 0x0000000092200000|100%| E|CS|TAMS 0x0000000092100000| PB 0x0000000092100000| Complete |  0
| 290|0x0000000092200000, 0x0000000092300000, 0x0000000092300000|100%| E|CS|TAMS 0x0000000092200000| PB 0x0000000092200000| Complete |  0
| 291|0x0000000092300000, 0x0000000092400000, 0x0000000092400000|100%| E|CS|TAMS 0x0000000092300000| PB 0x0000000092300000| Complete |  0
| 292|0x0000000092400000, 0x0000000092500000, 0x0000000092500000|100%| E|CS|TAMS 0x0000000092400000| PB 0x0000000092400000| Complete |  0
| 293|0x0000000092500000, 0x0000000092600000, 0x0000000092600000|100%| E|CS|TAMS 0x0000000092500000| PB 0x0000000092500000| Complete |  0
| 294|0x0000000092600000, 0x0000000092700000, 0x0000000092700000|100%| E|CS|TAMS 0x0000000092600000| PB 0x0000000092600000| Complete |  0
| 295|0x0000000092700000, 0x0000000092800000, 0x0000000092800000|100%| E|CS|TAMS 0x0000000092700000| PB 0x0000000092700000| Complete |  0
| 296|0x0000000092800000, 0x0000000092900000, 0x0000000092900000|100%| E|CS|TAMS 0x0000000092800000| PB 0x0000000092800000| Complete |  0
| 297|0x0000000092900000, 0x0000000092a00000, 0x0000000092a00000|100%| E|CS|TAMS 0x0000000092900000| PB 0x0000000092900000| Complete |  0
| 298|0x0000000092a00000, 0x0000000092b00000, 0x0000000092b00000|100%| E|CS|TAMS 0x0000000092a00000| PB 0x0000000092a00000| Complete |  0
| 299|0x0000000092b00000, 0x0000000092c00000, 0x0000000092c00000|100%| E|CS|TAMS 0x0000000092b00000| PB 0x0000000092b00000| Complete |  0
| 300|0x0000000092c00000, 0x0000000092d00000, 0x0000000092d00000|100%| E|CS|TAMS 0x0000000092c00000| PB 0x0000000092c00000| Complete |  0
| 301|0x0000000092d00000, 0x0000000092e00000, 0x0000000092e00000|100%| E|CS|TAMS 0x0000000092d00000| PB 0x0000000092d00000| Complete |  0
| 302|0x0000000092e00000, 0x0000000092f00000, 0x0000000092f00000|100%| E|CS|TAMS 0x0000000092e00000| PB 0x0000000092e00000| Complete |  0
| 303|0x0000000092f00000, 0x0000000093000000, 0x0000000093000000|100%| E|CS|TAMS 0x0000000092f00000| PB 0x0000000092f00000| Complete |  0
| 304|0x0000000093000000, 0x0000000093100000, 0x0000000093100000|100%| E|CS|TAMS 0x0000000093000000| PB 0x0000000093000000| Complete |  0
| 305|0x0000000093100000, 0x0000000093200000, 0x0000000093200000|100%| E|CS|TAMS 0x0000000093100000| PB 0x0000000093100000| Complete |  0
| 306|0x0000000093200000, 0x0000000093300000, 0x0000000093300000|100%| E|CS|TAMS 0x0000000093200000| PB 0x0000000093200000| Complete |  0
| 307|0x0000000093300000, 0x0000000093400000, 0x0000000093400000|100%| E|CS|TAMS 0x0000000093300000| PB 0x0000000093300000| Complete |  0
| 308|0x0000000093400000, 0x0000000093500000, 0x0000000093500000|100%| E|CS|TAMS 0x0000000093400000| PB 0x0000000093400000| Complete |  0
| 309|0x0000000093500000, 0x0000000093600000, 0x0000000093600000|100%| E|CS|TAMS 0x0000000093500000| PB 0x0000000093500000| Complete |  0
| 310|0x0000000093600000, 0x0000000093700000, 0x0000000093700000|100%| E|CS|TAMS 0x0000000093600000| PB 0x0000000093600000| Complete |  0
| 311|0x0000000093700000, 0x0000000093800000, 0x0000000093800000|100%| E|CS|TAMS 0x0000000093700000| PB 0x0000000093700000| Complete |  0
| 312|0x0000000093800000, 0x0000000093900000, 0x0000000093900000|100%| E|CS|TAMS 0x0000000093800000| PB 0x0000000093800000| Complete |  0
| 313|0x0000000093900000, 0x0000000093a00000, 0x0000000093a00000|100%| E|CS|TAMS 0x0000000093900000| PB 0x0000000093900000| Complete |  0
| 314|0x0000000093a00000, 0x0000000093b00000, 0x0000000093b00000|100%| E|CS|TAMS 0x0000000093a00000| PB 0x0000000093a00000| Complete |  0
| 315|0x0000000093b00000, 0x0000000093c00000, 0x0000000093c00000|100%| E|CS|TAMS 0x0000000093b00000| PB 0x0000000093b00000| Complete |  0
| 316|0x0000000093c00000, 0x0000000093d00000, 0x0000000093d00000|100%| E|CS|TAMS 0x0000000093c00000| PB 0x0000000093c00000| Complete |  0
| 317|0x0000000093d00000, 0x0000000093e00000, 0x0000000093e00000|100%| E|CS|TAMS 0x0000000093d00000| PB 0x0000000093d00000| Complete |  0
| 318|0x0000000093e00000, 0x0000000093f00000, 0x0000000093f00000|100%| E|CS|TAMS 0x0000000093e00000| PB 0x0000000093e00000| Complete |  0
| 319|0x0000000093f00000, 0x0000000094000000, 0x0000000094000000|100%| E|CS|TAMS 0x0000000093f00000| PB 0x0000000093f00000| Complete |  0
| 320|0x0000000094000000, 0x0000000094100000, 0x0000000094100000|100%| E|CS|TAMS 0x0000000094000000| PB 0x0000000094000000| Complete |  0
| 321|0x0000000094100000, 0x0000000094200000, 0x0000000094200000|100%| E|CS|TAMS 0x0000000094100000| PB 0x0000000094100000| Complete |  0
| 322|0x0000000094200000, 0x0000000094300000, 0x0000000094300000|100%| E|CS|TAMS 0x0000000094200000| PB 0x0000000094200000| Complete |  0
| 323|0x0000000094300000, 0x0000000094400000, 0x0000000094400000|100%| E|CS|TAMS 0x0000000094300000| PB 0x0000000094300000| Complete |  0
| 324|0x0000000094400000, 0x0000000094500000, 0x0000000094500000|100%| E|CS|TAMS 0x0000000094400000| PB 0x0000000094400000| Complete |  0
| 325|0x0000000094500000, 0x0000000094600000, 0x0000000094600000|100%| E|CS|TAMS 0x0000000094500000| PB 0x0000000094500000| Complete |  0
| 326|0x0000000094600000, 0x0000000094700000, 0x0000000094700000|100%| E|CS|TAMS 0x0000000094600000| PB 0x0000000094600000| Complete |  0
| 327|0x0000000094700000, 0x0000000094800000, 0x0000000094800000|100%| E|CS|TAMS 0x0000000094700000| PB 0x0000000094700000| Complete |  0
| 328|0x0000000094800000, 0x0000000094900000, 0x0000000094900000|100%| E|CS|TAMS 0x0000000094800000| PB 0x0000000094800000| Complete |  0
| 329|0x0000000094900000, 0x0000000094a00000, 0x0000000094a00000|100%| E|CS|TAMS 0x0000000094900000| PB 0x0000000094900000| Complete |  0
| 330|0x0000000094a00000, 0x0000000094b00000, 0x0000000094b00000|100%| E|CS|TAMS 0x0000000094a00000| PB 0x0000000094a00000| Complete |  0
| 331|0x0000000094b00000, 0x0000000094c00000, 0x0000000094c00000|100%| E|CS|TAMS 0x0000000094b00000| PB 0x0000000094b00000| Complete |  0
| 332|0x0000000094c00000, 0x0000000094d00000, 0x0000000094d00000|100%| E|CS|TAMS 0x0000000094c00000| PB 0x0000000094c00000| Complete |  0
| 333|0x0000000094d00000, 0x0000000094e00000, 0x0000000094e00000|100%| E|CS|TAMS 0x0000000094d00000| PB 0x0000000094d00000| Complete |  0
| 334|0x0000000094e00000, 0x0000000094f00000, 0x0000000094f00000|100%| E|CS|TAMS 0x0000000094e00000| PB 0x0000000094e00000| Complete |  0
| 335|0x0000000094f00000, 0x0000000095000000, 0x0000000095000000|100%| E|CS|TAMS 0x0000000094f00000| PB 0x0000000094f00000| Complete |  0
| 336|0x0000000095000000, 0x0000000095100000, 0x0000000095100000|100%| E|CS|TAMS 0x0000000095000000| PB 0x0000000095000000| Complete |  0
| 337|0x0000000095100000, 0x0000000095200000, 0x0000000095200000|100%| E|CS|TAMS 0x0000000095100000| PB 0x0000000095100000| Complete |  0
| 338|0x0000000095200000, 0x0000000095300000, 0x0000000095300000|100%| E|CS|TAMS 0x0000000095200000| PB 0x0000000095200000| Complete |  0
| 339|0x0000000095300000, 0x0000000095400000, 0x0000000095400000|100%| E|CS|TAMS 0x0000000095300000| PB 0x0000000095300000| Complete |  0
| 340|0x0000000095400000, 0x0000000095500000, 0x0000000095500000|100%| E|CS|TAMS 0x0000000095400000| PB 0x0000000095400000| Complete |  0
| 341|0x0000000095500000, 0x0000000095600000, 0x0000000095600000|100%| E|CS|TAMS 0x0000000095500000| PB 0x0000000095500000| Complete |  0
| 342|0x0000000095600000, 0x0000000095700000, 0x0000000095700000|100%| E|CS|TAMS 0x0000000095600000| PB 0x0000000095600000| Complete |  0
| 343|0x0000000095700000, 0x0000000095800000, 0x0000000095800000|100%| E|CS|TAMS 0x0000000095700000| PB 0x0000000095700000| Complete |  0
| 344|0x0000000095800000, 0x0000000095900000, 0x0000000095900000|100%| E|CS|TAMS 0x0000000095800000| PB 0x0000000095800000| Complete |  0
| 345|0x0000000095900000, 0x0000000095a00000, 0x0000000095a00000|100%| E|CS|TAMS 0x0000000095900000| PB 0x0000000095900000| Complete |  0
| 346|0x0000000095a00000, 0x0000000095b00000, 0x0000000095b00000|100%| E|CS|TAMS 0x0000000095a00000| PB 0x0000000095a00000| Complete |  0
| 347|0x0000000095b00000, 0x0000000095c00000, 0x0000000095c00000|100%| E|CS|TAMS 0x0000000095b00000| PB 0x0000000095b00000| Complete |  0
| 348|0x0000000095c00000, 0x0000000095d00000, 0x0000000095d00000|100%| E|CS|TAMS 0x0000000095c00000| PB 0x0000000095c00000| Complete |  0
| 349|0x0000000095d00000, 0x0000000095e00000, 0x0000000095e00000|100%| E|CS|TAMS 0x0000000095d00000| PB 0x0000000095d00000| Complete |  0
| 350|0x0000000095e00000, 0x0000000095f00000, 0x0000000095f00000|100%| E|CS|TAMS 0x0000000095e00000| PB 0x0000000095e00000| Complete |  0
| 351|0x0000000095f00000, 0x0000000096000000, 0x0000000096000000|100%| E|CS|TAMS 0x0000000095f00000| PB 0x0000000095f00000| Complete |  0
| 352|0x0000000096000000, 0x0000000096100000, 0x0000000096100000|100%| E|CS|TAMS 0x0000000096000000| PB 0x0000000096000000| Complete |  0
| 353|0x0000000096100000, 0x0000000096200000, 0x0000000096200000|100%| E|CS|TAMS 0x0000000096100000| PB 0x0000000096100000| Complete |  0
| 354|0x0000000096200000, 0x0000000096300000, 0x0000000096300000|100%| E|CS|TAMS 0x0000000096200000| PB 0x0000000096200000| Complete |  0
| 355|0x0000000096300000, 0x0000000096400000, 0x0000000096400000|100%| E|CS|TAMS 0x0000000096300000| PB 0x0000000096300000| Complete |  0
| 356|0x0000000096400000, 0x0000000096500000, 0x0000000096500000|100%| E|CS|TAMS 0x0000000096400000| PB 0x0000000096400000| Complete |  0
| 357|0x0000000096500000, 0x0000000096600000, 0x0000000096600000|100%| E|CS|TAMS 0x0000000096500000| PB 0x0000000096500000| Complete |  0
| 358|0x0000000096600000, 0x0000000096700000, 0x0000000096700000|100%| E|CS|TAMS 0x0000000096600000| PB 0x0000000096600000| Complete |  0
| 359|0x0000000096700000, 0x0000000096800000, 0x0000000096800000|100%| E|CS|TAMS 0x0000000096700000| PB 0x0000000096700000| Complete |  0
| 360|0x0000000096800000, 0x0000000096900000, 0x0000000096900000|100%| E|CS|TAMS 0x0000000096800000| PB 0x0000000096800000| Complete |  0
| 361|0x0000000096900000, 0x0000000096a00000, 0x0000000096a00000|100%| E|CS|TAMS 0x0000000096900000| PB 0x0000000096900000| Complete |  0
| 362|0x0000000096a00000, 0x0000000096b00000, 0x0000000096b00000|100%| E|CS|TAMS 0x0000000096a00000| PB 0x0000000096a00000| Complete |  0
| 363|0x0000000096b00000, 0x0000000096c00000, 0x0000000096c00000|100%| E|CS|TAMS 0x0000000096b00000| PB 0x0000000096b00000| Complete |  0
| 364|0x0000000096c00000, 0x0000000096d00000, 0x0000000096d00000|100%| E|CS|TAMS 0x0000000096c00000| PB 0x0000000096c00000| Complete |  0
| 365|0x0000000096d00000, 0x0000000096e00000, 0x0000000096e00000|100%| E|CS|TAMS 0x0000000096d00000| PB 0x0000000096d00000| Complete |  0
| 366|0x0000000096e00000, 0x0000000096f00000, 0x0000000096f00000|100%| E|CS|TAMS 0x0000000096e00000| PB 0x0000000096e00000| Complete |  0
| 367|0x0000000096f00000, 0x0000000097000000, 0x0000000097000000|100%| E|CS|TAMS 0x0000000096f00000| PB 0x0000000096f00000| Complete |  0
| 368|0x0000000097000000, 0x0000000097100000, 0x0000000097100000|100%| E|CS|TAMS 0x0000000097000000| PB 0x0000000097000000| Complete |  0
| 369|0x0000000097100000, 0x0000000097200000, 0x0000000097200000|100%| E|CS|TAMS 0x0000000097100000| PB 0x0000000097100000| Complete |  0
| 370|0x0000000097200000, 0x0000000097300000, 0x0000000097300000|100%| E|CS|TAMS 0x0000000097200000| PB 0x0000000097200000| Complete |  0
| 371|0x0000000097300000, 0x0000000097400000, 0x0000000097400000|100%| E|CS|TAMS 0x0000000097300000| PB 0x0000000097300000| Complete |  0
| 372|0x0000000097400000, 0x0000000097500000, 0x0000000097500000|100%| E|CS|TAMS 0x0000000097400000| PB 0x0000000097400000| Complete |  0
| 373|0x0000000097500000, 0x0000000097600000, 0x0000000097600000|100%| E|CS|TAMS 0x0000000097500000| PB 0x0000000097500000| Complete |  0
| 374|0x0000000097600000, 0x0000000097700000, 0x0000000097700000|100%| E|CS|TAMS 0x0000000097600000| PB 0x0000000097600000| Complete |  0
| 375|0x0000000097700000, 0x0000000097800000, 0x0000000097800000|100%| E|CS|TAMS 0x0000000097700000| PB 0x0000000097700000| Complete |  0
| 376|0x0000000097800000, 0x0000000097900000, 0x0000000097900000|100%| E|CS|TAMS 0x0000000097800000| PB 0x0000000097800000| Complete |  0
| 377|0x0000000097900000, 0x0000000097a00000, 0x0000000097a00000|100%| E|CS|TAMS 0x0000000097900000| PB 0x0000000097900000| Complete |  0
| 378|0x0000000097a00000, 0x0000000097b00000, 0x0000000097b00000|100%| E|CS|TAMS 0x0000000097a00000| PB 0x0000000097a00000| Complete |  0
| 379|0x0000000097b00000, 0x0000000097c00000, 0x0000000097c00000|100%| E|CS|TAMS 0x0000000097b00000| PB 0x0000000097b00000| Complete |  0
| 380|0x0000000097c00000, 0x0000000097d00000, 0x0000000097d00000|100%| E|CS|TAMS 0x0000000097c00000| PB 0x0000000097c00000| Complete |  0
| 381|0x0000000097d00000, 0x0000000097e00000, 0x0000000097e00000|100%| E|CS|TAMS 0x0000000097d00000| PB 0x0000000097d00000| Complete |  0
| 382|0x0000000097e00000, 0x0000000097f00000, 0x0000000097f00000|100%| E|CS|TAMS 0x0000000097e00000| PB 0x0000000097e00000| Complete |  0
| 383|0x0000000097f00000, 0x0000000098000000, 0x0000000098000000|100%| E|CS|TAMS 0x0000000097f00000| PB 0x0000000097f00000| Complete |  0
| 384|0x0000000098000000, 0x0000000098100000, 0x0000000098100000|100%| E|CS|TAMS 0x0000000098000000| PB 0x0000000098000000| Complete |  0
| 385|0x0000000098100000, 0x0000000098200000, 0x0000000098200000|100%| E|CS|TAMS 0x0000000098100000| PB 0x0000000098100000| Complete |  0
| 386|0x0000000098200000, 0x0000000098300000, 0x0000000098300000|100%| E|CS|TAMS 0x0000000098200000| PB 0x0000000098200000| Complete |  0
| 387|0x0000000098300000, 0x0000000098400000, 0x0000000098400000|100%| E|CS|TAMS 0x0000000098300000| PB 0x0000000098300000| Complete |  0
| 388|0x0000000098400000, 0x0000000098500000, 0x0000000098500000|100%| E|CS|TAMS 0x0000000098400000| PB 0x0000000098400000| Complete |  0
| 389|0x0000000098500000, 0x0000000098600000, 0x0000000098600000|100%| E|CS|TAMS 0x0000000098500000| PB 0x0000000098500000| Complete |  0
| 390|0x0000000098600000, 0x0000000098700000, 0x0000000098700000|100%| E|CS|TAMS 0x0000000098600000| PB 0x0000000098600000| Complete |  0
| 391|0x0000000098700000, 0x0000000098800000, 0x0000000098800000|100%| E|CS|TAMS 0x0000000098700000| PB 0x0000000098700000| Complete |  0
| 392|0x0000000098800000, 0x0000000098900000, 0x0000000098900000|100%| E|CS|TAMS 0x0000000098800000| PB 0x0000000098800000| Complete |  0
| 393|0x0000000098900000, 0x0000000098a00000, 0x0000000098a00000|100%| E|CS|TAMS 0x0000000098900000| PB 0x0000000098900000| Complete |  0
| 394|0x0000000098a00000, 0x0000000098b00000, 0x0000000098b00000|100%| E|CS|TAMS 0x0000000098a00000| PB 0x0000000098a00000| Complete |  0
| 395|0x0000000098b00000, 0x0000000098c00000, 0x0000000098c00000|100%| E|CS|TAMS 0x0000000098b00000| PB 0x0000000098b00000| Complete |  0
| 396|0x0000000098c00000, 0x0000000098d00000, 0x0000000098d00000|100%| E|CS|TAMS 0x0000000098c00000| PB 0x0000000098c00000| Complete |  0
| 397|0x0000000098d00000, 0x0000000098e00000, 0x0000000098e00000|100%| E|CS|TAMS 0x0000000098d00000| PB 0x0000000098d00000| Complete |  0
| 398|0x0000000098e00000, 0x0000000098f00000, 0x0000000098f00000|100%| E|CS|TAMS 0x0000000098e00000| PB 0x0000000098e00000| Complete |  0
| 399|0x0000000098f00000, 0x0000000099000000, 0x0000000099000000|100%| E|CS|TAMS 0x0000000098f00000| PB 0x0000000098f00000| Complete |  0
| 400|0x0000000099000000, 0x0000000099100000, 0x0000000099100000|100%| E|CS|TAMS 0x0000000099000000| PB 0x0000000099000000| Complete |  0
| 401|0x0000000099100000, 0x0000000099200000, 0x0000000099200000|100%| E|CS|TAMS 0x0000000099100000| PB 0x0000000099100000| Complete |  0
| 402|0x0000000099200000, 0x0000000099300000, 0x0000000099300000|100%| E|CS|TAMS 0x0000000099200000| PB 0x0000000099200000| Complete |  0
| 403|0x0000000099300000, 0x0000000099400000, 0x0000000099400000|100%| E|CS|TAMS 0x0000000099300000| PB 0x0000000099300000| Complete |  0
| 404|0x0000000099400000, 0x0000000099500000, 0x0000000099500000|100%| E|CS|TAMS 0x0000000099400000| PB 0x0000000099400000| Complete |  0
| 405|0x0000000099500000, 0x0000000099600000, 0x0000000099600000|100%| E|CS|TAMS 0x0000000099500000| PB 0x0000000099500000| Complete |  0
| 406|0x0000000099600000, 0x0000000099700000, 0x0000000099700000|100%| E|CS|TAMS 0x0000000099600000| PB 0x0000000099600000| Complete |  0
| 407|0x0000000099700000, 0x0000000099800000, 0x0000000099800000|100%| E|CS|TAMS 0x0000000099700000| PB 0x0000000099700000| Complete |  0
| 408|0x0000000099800000, 0x0000000099900000, 0x0000000099900000|100%| E|CS|TAMS 0x0000000099800000| PB 0x0000000099800000| Complete |  0
| 409|0x0000000099900000, 0x0000000099a00000, 0x0000000099a00000|100%| E|CS|TAMS 0x0000000099900000| PB 0x0000000099900000| Complete |  0
| 410|0x0000000099a00000, 0x0000000099b00000, 0x0000000099b00000|100%| E|CS|TAMS 0x0000000099a00000| PB 0x0000000099a00000| Complete |  0
| 411|0x0000000099b00000, 0x0000000099c00000, 0x0000000099c00000|100%| E|CS|TAMS 0x0000000099b00000| PB 0x0000000099b00000| Complete |  0
| 412|0x0000000099c00000, 0x0000000099d00000, 0x0000000099d00000|100%| E|CS|TAMS 0x0000000099c00000| PB 0x0000000099c00000| Complete |  0
| 413|0x0000000099d00000, 0x0000000099e00000, 0x0000000099e00000|100%| E|CS|TAMS 0x0000000099d00000| PB 0x0000000099d00000| Complete |  0
| 414|0x0000000099e00000, 0x0000000099f00000, 0x0000000099f00000|100%| E|CS|TAMS 0x0000000099e00000| PB 0x0000000099e00000| Complete |  0
| 415|0x0000000099f00000, 0x000000009a000000, 0x000000009a000000|100%| E|CS|TAMS 0x0000000099f00000| PB 0x0000000099f00000| Complete |  0
| 416|0x000000009a000000, 0x000000009a100000, 0x000000009a100000|100%| E|CS|TAMS 0x000000009a000000| PB 0x000000009a000000| Complete |  0
| 417|0x000000009a100000, 0x000000009a200000, 0x000000009a200000|100%| E|CS|TAMS 0x000000009a100000| PB 0x000000009a100000| Complete |  0
| 418|0x000000009a200000, 0x000000009a300000, 0x000000009a300000|100%| E|CS|TAMS 0x000000009a200000| PB 0x000000009a200000| Complete |  0
| 419|0x000000009a300000, 0x000000009a400000, 0x000000009a400000|100%| E|CS|TAMS 0x000000009a300000| PB 0x000000009a300000| Complete |  0
| 420|0x000000009a400000, 0x000000009a500000, 0x000000009a500000|100%| E|CS|TAMS 0x000000009a400000| PB 0x000000009a400000| Complete |  0
| 421|0x000000009a500000, 0x000000009a600000, 0x000000009a600000|100%| E|CS|TAMS 0x000000009a500000| PB 0x000000009a500000| Complete |  0
| 422|0x000000009a600000, 0x000000009a700000, 0x000000009a700000|100%| E|CS|TAMS 0x000000009a600000| PB 0x000000009a600000| Complete |  0
| 423|0x000000009a700000, 0x000000009a800000, 0x000000009a800000|100%| E|CS|TAMS 0x000000009a700000| PB 0x000000009a700000| Complete |  0
| 424|0x000000009a800000, 0x000000009a900000, 0x000000009a900000|100%| E|CS|TAMS 0x000000009a800000| PB 0x000000009a800000| Complete |  0
| 425|0x000000009a900000, 0x000000009aa00000, 0x000000009aa00000|100%| E|CS|TAMS 0x000000009a900000| PB 0x000000009a900000| Complete |  0
| 426|0x000000009aa00000, 0x000000009ab00000, 0x000000009ab00000|100%| E|CS|TAMS 0x000000009aa00000| PB 0x000000009aa00000| Complete |  0
| 427|0x000000009ab00000, 0x000000009ac00000, 0x000000009ac00000|100%| E|CS|TAMS 0x000000009ab00000| PB 0x000000009ab00000| Complete |  0
| 428|0x000000009ac00000, 0x000000009ad00000, 0x000000009ad00000|100%| E|CS|TAMS 0x000000009ac00000| PB 0x000000009ac00000| Complete |  0
| 429|0x000000009ad00000, 0x000000009ae00000, 0x000000009ae00000|100%| E|CS|TAMS 0x000000009ad00000| PB 0x000000009ad00000| Complete |  0
| 437|0x000000009b500000, 0x000000009b600000, 0x000000009b600000|100%| E|CS|TAMS 0x000000009b500000| PB 0x000000009b500000| Complete |  0
|2042|0x00000000ffa00000, 0x00000000ffb00000, 0x00000000ffb00000|100%| E|CS|TAMS 0x00000000ffa00000| PB 0x00000000ffa00000| Complete |  0
|2043|0x00000000ffb00000, 0x00000000ffc00000, 0x00000000ffc00000|100%| E|CS|TAMS 0x00000000ffb00000| PB 0x00000000ffb00000| Complete |  0
|2044|0x00000000ffc00000, 0x00000000ffd00000, 0x00000000ffd00000|100%| E|CS|TAMS 0x00000000ffc00000| PB 0x00000000ffc00000| Complete |  0
|2045|0x00000000ffd00000, 0x00000000ffe00000, 0x00000000ffe00000|100%| E|CS|TAMS 0x00000000ffd00000| PB 0x00000000ffd00000| Complete |  0
|2046|0x00000000ffe00000, 0x00000000fff00000, 0x00000000fff00000|100%| O|  |TAMS 0x00000000ffe00000| PB 0x00000000ffe00000| Untracked |  0
|2047|0x00000000fff00000, 0x0000000100000000, 0x0000000100000000|100%| E|CS|TAMS 0x00000000fff00000| PB 0x00000000fff00000| Complete |  0

Card table byte_map: [0x000000001bbd0000,0x000000001bfd0000] _byte_map_base: 0x000000001b7d0000

Marking Bits: (CMBitMap*) 0x0000000002e33a80
 Bits: [0x000000001bfd0000, 0x000000001dfd0000)

Polling page: 0x0000000000b30000

Metaspace:
Metaspace        used 150990K, committed 153152K, reserved 1245184K
 class space     used 19980K, committed 20992K, reserved 1048576K

Usage:
  Non-class:    127.94 MB used.
      Class:     19.51 MB used.
       Both:    147.45 MB used.

Virtual space:
  Non-class space:      192.00 MB reserved,     129.06 MB ( 67%) committed,  3 nodes.
      Class space:        1.00 GB reserved,      20.50 MB (  2%) committed,  1 nodes.
             Both:        1.19 GB reserved,     149.56 MB ( 12%) committed. 

Chunk freelists:
   Non-Class:  14.46 MB
       Class:  11.44 MB
        Both:  25.89 MB

MaxMetaspaceSize: unlimited
CompressedClassSpaceSize: 1.00 GB
Initial GC threshold: 21.00 MB
Current GC threshold: 249.31 MB
CDS: on
 - commit_granule_bytes: 65536.
 - commit_granule_words: 8192.
 - virtual_space_node_default_size: 8388608.
 - enlarge_chunks_in_place: 1.
UseCompressedClassPointers 1, UseCompactObjectHeaders 0
Narrow klass pointer bits 32, Max shift 3
Narrow klass base: 0x0000000033000000, Narrow klass shift: 0
Encoding Range: [0x0000000033000000 - 0x0000000133000000), (4294967296 bytes)
Klass Range:    [0x0000000033010000 - 0x0000000074000000), (1090453504 bytes)
Klass ID Range:  [65536 - 1090519033) (1090453497)
Protection zone: [0x0000000033000000 - 0x0000000033010000), (65536 bytes)


Internal statistics:

num_allocs_failed_limit: 9.
num_arena_births: 3730.
num_arena_deaths: 12.
num_vsnodes_births: 4.
num_vsnodes_deaths: 0.
num_space_committed: 2392.
num_space_uncommitted: 0.
num_chunks_returned_to_freelist: 35.
num_chunks_taken_from_freelist: 9505.
num_chunk_merges: 10.
num_chunk_splits: 6829.
num_chunks_enlarged: 5114.
num_inconsistent_stats: 0.

CodeHeap 'non-profiled nmethods': size=119232Kb used=9218Kb max_used=9218Kb free=110013Kb
 bounds [0x0000000013450000, 0x0000000013dd0000, 0x000000001a8c0000]
CodeHeap 'profiled nmethods': size=119104Kb used=27837Kb max_used=33009Kb free=91266Kb
 bounds [0x000000000b8c0000, 0x000000000d950000, 0x0000000012d10000]
CodeHeap 'non-nmethods': size=7424Kb used=4044Kb max_used=4199Kb free=3379Kb
 bounds [0x0000000012d10000, 0x0000000013150000, 0x0000000013450000]
CodeCache: size=245760Kb, used=41099Kb, max_used=46426Kb, free=204658Kb
 total_blobs=16747, nmethods=15569, adapters=1076, full_count=0
Compilation: enabled, stopped_count=0, restarted_count=0

Compilation events (20 events):
Event: 49.461 Thread 0x000000002be47040 nmethod 24028 0x000000000c04e088 code [0x000000000c04e180, 0x000000000c050310]
Event: 49.465 Thread 0x000000002be447f0 24029       3       org.gradle.internal.classpath.transforms.LambdaSerializationTransformer::getEstimatedSingleLambdaHandlingCodeLength (48 bytes)
Event: 49.465 Thread 0x000000002be447f0 nmethod 24029 0x000000000ba13908 code [0x000000000ba13a00, 0x000000000ba13cc0]
Event: 49.465 Thread 0x00000000262291d0 nmethod 24000 0x0000000013dc1208 code [0x0000000013dc1300, 0x0000000013dc7978]
Event: 49.468 Thread 0x000000002be47040 24030       3       org.gradle.internal.classpath.transforms.LambdaSerializationTransformer::isPrimitiveArgument (56 bytes)
Event: 49.468 Thread 0x000000002be47040 nmethod 24030 0x000000000ba42b88 code [0x000000000ba42c80, 0x000000000ba42f80]
Event: 49.479 Thread 0x00000000262291d0 24031       4       com.google.common.collect.CollectSpliterators$1WithCharacteristics::characteristics (9 bytes)
Event: 49.479 Thread 0x00000000262291d0 nmethod 24031 0x0000000013990908 code [0x0000000013990a00, 0x0000000013990a80]
Event: 49.483 Thread 0x000000002be47040 24032       3       org.gradle.internal.classpath.generated.InterceptorDeclaration_PropertyUpgradesJvmBytecode_LanguageJvm::visitMethodInsn (218 bytes)
Event: 49.484 Thread 0x000000002be47040 nmethod 24032 0x000000000c0bfa08 code [0x000000000c0bfb00, 0x000000000c0c0ec8]
Event: 49.487 Thread 0x000000002be46830 24033       4       org.gradle.internal.classpath.generated.InterceptorDeclaration_PropertyUpgradesJvmBytecode_LanguageJvm::visitMethodInsn (218 bytes)
Event: 49.492 Thread 0x000000002be46830 nmethod 24033 0x00000000139cbc08 code [0x00000000139cbd00, 0x00000000139ccb08]
Event: 49.496 Thread 0x0000000029d82640 24034       4       org.objectweb.asm.tree.MethodNode::visitLocalVariable (40 bytes)
Event: 49.496 Thread 0x000000002c002b00 24035       4       org.objectweb.asm.tree.LocalVariableNode::<init> (38 bytes)
Event: 49.496 Thread 0x000000002c002b00 nmethod 24035 0x0000000013b72688 code [0x0000000013b72780, 0x0000000013b72e78]
Event: 49.502 Thread 0x0000000029d82640 nmethod 24034 0x0000000013b80b08 code [0x0000000013b80c00, 0x0000000013b81e38]
Event: 49.515 Thread 0x000000002f000050 24036       3       java.util.Formatter$FormatSpecifier::<init> (68 bytes)
Event: 49.515 Thread 0x00000000262383f0 24037       3       java.util.Formatter$Conversion::isValid (256 bytes)
Event: 49.515 Thread 0x00000000262383f0 nmethod 24037 0x000000000c4f2a88 code [0x000000000c4f2b80, 0x000000000c4f30b0]
Event: 49.515 Thread 0x000000002f000050 nmethod 24036 0x000000000c01f988 code [0x000000000c01fa80, 0x000000000c0200d8]

GC Heap Usage History (20 events):
Event: 48.670 {heap After GC invocations=72 (full 0):
 garbage-first heap   total reserved 2097152K, committed 282624K, used 139638K [0x0000000080000000, 0x0000000100000000)
  region size 1024K, 11 young (11264K), 11 survivors (11264K)
}
Event: 48.724 {heap Before GC invocations=72 (full 0):
 garbage-first heap   total reserved 2097152K, committed 282624K, used 264566K [0x0000000080000000, 0x0000000100000000)
  region size 1024K, 133 young (136192K), 11 survivors (11264K)
}
Event: 48.728 {heap After GC invocations=73 (full 0):
 garbage-first heap   total reserved 2097152K, committed 287744K, used 144464K [0x0000000080000000, 0x0000000100000000)
  region size 1024K, 9 young (9216K), 9 survivors (9216K)
}
Event: 48.747 {heap Before GC invocations=73 (full 0):
 garbage-first heap   total reserved 2097152K, committed 287744K, used 187472K [0x0000000080000000, 0x0000000100000000)
  region size 1024K, 53 young (54272K), 9 survivors (9216K)
}
Event: 48.749 {heap After GC invocations=74 (full 0):
 garbage-first heap   total reserved 2097152K, committed 447488K, used 144248K [0x0000000080000000, 0x0000000100000000)
  region size 1024K, 8 young (8192K), 8 survivors (8192K)
}
Event: 48.896 {heap Before GC invocations=75 (full 0):
 garbage-first heap   total reserved 2097152K, committed 447488K, used 409464K [0x0000000080000000, 0x0000000100000000)
  region size 1024K, 262 young (268288K), 8 survivors (8192K)
}
Event: 48.898 {heap After GC invocations=76 (full 0):
 garbage-first heap   total reserved 2097152K, committed 447488K, used 150135K [0x0000000080000000, 0x0000000100000000)
  region size 1024K, 9 young (9216K), 9 survivors (9216K)
}
Event: 48.992 {heap Before GC invocations=76 (full 0):
 garbage-first heap   total reserved 2097152K, committed 447488K, used 408183K [0x0000000080000000, 0x0000000100000000)
  region size 1024K, 262 young (268288K), 9 survivors (9216K)
}
Event: 48.995 {heap After GC invocations=77 (full 0):
 garbage-first heap   total reserved 2097152K, committed 447488K, used 152122K [0x0000000080000000, 0x0000000100000000)
  region size 1024K, 13 young (13312K), 13 survivors (13312K)
}
Event: 49.084 {heap Before GC invocations=77 (full 0):
 garbage-first heap   total reserved 2097152K, committed 447488K, used 406074K [0x0000000080000000, 0x0000000100000000)
  region size 1024K, 262 young (268288K), 13 survivors (13312K)
}
Event: 49.086 {heap After GC invocations=78 (full 0):
 garbage-first heap   total reserved 2097152K, committed 447488K, used 150538K [0x0000000080000000, 0x0000000100000000)
  region size 1024K, 13 young (13312K), 13 survivors (13312K)
}
Event: 49.176 {heap Before GC invocations=79 (full 0):
 garbage-first heap   total reserved 2097152K, committed 447488K, used 404490K [0x0000000080000000, 0x0000000100000000)
  region size 1024K, 262 young (268288K), 13 survivors (13312K)
}
Event: 49.178 {heap After GC invocations=80 (full 0):
 garbage-first heap   total reserved 2097152K, committed 447488K, used 152891K [0x0000000080000000, 0x0000000100000000)
  region size 1024K, 15 young (15360K), 15 survivors (15360K)
}
Event: 49.270 {heap Before GC invocations=80 (full 0):
 garbage-first heap   total reserved 2097152K, committed 447488K, used 404795K [0x0000000080000000, 0x0000000100000000)
  region size 1024K, 262 young (268288K), 15 survivors (15360K)
}
Event: 49.273 {heap After GC invocations=81 (full 0):
 garbage-first heap   total reserved 2097152K, committed 447488K, used 152340K [0x0000000080000000, 0x0000000100000000)
  region size 1024K, 15 young (15360K), 15 survivors (15360K)
}
Event: 49.316 {heap Before GC invocations=81 (full 0):
 garbage-first heap   total reserved 2097152K, committed 447488K, used 263956K [0x0000000080000000, 0x0000000100000000)
  region size 1024K, 126 young (129024K), 15 survivors (15360K)
}
Event: 49.319 {heap After GC invocations=82 (full 0):
 garbage-first heap   total reserved 2097152K, committed 447488K, used 150266K [0x0000000080000000, 0x0000000100000000)
  region size 1024K, 14 young (14336K), 14 survivors (14336K)
}
Event: 49.430 {heap Before GC invocations=83 (full 0):
 garbage-first heap   total reserved 2097152K, committed 447488K, used 406266K [0x0000000080000000, 0x0000000100000000)
  region size 1024K, 262 young (268288K), 14 survivors (14336K)
}
Event: 49.433 {heap After GC invocations=84 (full 0):
 garbage-first heap   total reserved 2097152K, committed 447488K, used 154440K [0x0000000080000000, 0x0000000100000000)
  region size 1024K, 18 young (18432K), 18 survivors (18432K)
}
Event: 49.517 {heap Before GC invocations=84 (full 0):
 garbage-first heap   total reserved 2097152K, committed 447488K, used 404296K [0x0000000080000000, 0x0000000100000000)
  region size 1024K, 262 young (268288K), 18 survivors (18432K)
}

Metaspace Usage History (20 events):
Event: 48.670 {metaspace After GC invocations=72 (full 0):
 Metaspace       used 150633K, committed 152832K, reserved 1245184K
  class space    used 19959K, committed 20992K, reserved 1048576K
}
Event: 48.724 {metaspace Before GC invocations=72 (full 0):
 Metaspace       used 150731K, committed 152960K, reserved 1245184K
  class space    used 19959K, committed 20992K, reserved 1048576K
}
Event: 48.728 {metaspace After GC invocations=73 (full 0):
 Metaspace       used 150731K, committed 152960K, reserved 1245184K
  class space    used 19959K, committed 20992K, reserved 1048576K
}
Event: 48.747 {metaspace Before GC invocations=73 (full 0):
 Metaspace       used 150743K, committed 152960K, reserved 1245184K
  class space    used 19961K, committed 20992K, reserved 1048576K
}
Event: 48.749 {metaspace After GC invocations=74 (full 0):
 Metaspace       used 150743K, committed 152960K, reserved 1245184K
  class space    used 19961K, committed 20992K, reserved 1048576K
}
Event: 48.896 {metaspace Before GC invocations=75 (full 0):
 Metaspace       used 150813K, committed 153024K, reserved 1245184K
  class space    used 19962K, committed 20992K, reserved 1048576K
}
Event: 48.898 {metaspace After GC invocations=76 (full 0):
 Metaspace       used 150813K, committed 153024K, reserved 1245184K
  class space    used 19962K, committed 20992K, reserved 1048576K
}
Event: 48.992 {metaspace Before GC invocations=76 (full 0):
 Metaspace       used 150835K, committed 153024K, reserved 1245184K
  class space    used 19964K, committed 20992K, reserved 1048576K
}
Event: 48.995 {metaspace After GC invocations=77 (full 0):
 Metaspace       used 150835K, committed 153024K, reserved 1245184K
  class space    used 19964K, committed 20992K, reserved 1048576K
}
Event: 49.084 {metaspace Before GC invocations=77 (full 0):
 Metaspace       used 150837K, committed 153024K, reserved 1245184K
  class space    used 19964K, committed 20992K, reserved 1048576K
}
Event: 49.086 {metaspace After GC invocations=78 (full 0):
 Metaspace       used 150837K, committed 153024K, reserved 1245184K
  class space    used 19964K, committed 20992K, reserved 1048576K
}
Event: 49.176 {metaspace Before GC invocations=79 (full 0):
 Metaspace       used 150950K, committed 153152K, reserved 1245184K
  class space    used 19980K, committed 20992K, reserved 1048576K
}
Event: 49.178 {metaspace After GC invocations=80 (full 0):
 Metaspace       used 150950K, committed 153152K, reserved 1245184K
  class space    used 19980K, committed 20992K, reserved 1048576K
}
Event: 49.270 {metaspace Before GC invocations=80 (full 0):
 Metaspace       used 150961K, committed 153152K, reserved 1245184K
  class space    used 19980K, committed 20992K, reserved 1048576K
}
Event: 49.273 {metaspace After GC invocations=81 (full 0):
 Metaspace       used 150961K, committed 153152K, reserved 1245184K
  class space    used 19980K, committed 20992K, reserved 1048576K
}
Event: 49.316 {metaspace Before GC invocations=81 (full 0):
 Metaspace       used 150975K, committed 153152K, reserved 1245184K
  class space    used 19980K, committed 20992K, reserved 1048576K
}
Event: 49.319 {metaspace After GC invocations=82 (full 0):
 Metaspace       used 150975K, committed 153152K, reserved 1245184K
  class space    used 19980K, committed 20992K, reserved 1048576K
}
Event: 49.430 {metaspace Before GC invocations=83 (full 0):
 Metaspace       used 150990K, committed 153152K, reserved 1245184K
  class space    used 19980K, committed 20992K, reserved 1048576K
}
Event: 49.433 {metaspace After GC invocations=84 (full 0):
 Metaspace       used 150990K, committed 153152K, reserved 1245184K
  class space    used 19980K, committed 20992K, reserved 1048576K
}
Event: 49.517 {metaspace Before GC invocations=84 (full 0):
 Metaspace       used 150990K, committed 153152K, reserved 1245184K
  class space    used 19980K, committed 20992K, reserved 1048576K
}

Dll operation events (14 events):
Event: 0.011 Loaded shared library C:\Program Files\Eclipse Adoptium\jdk-25.0.2.10-hotspot\bin\java.dll
Event: 0.044 Loaded shared library C:\Program Files\Eclipse Adoptium\jdk-25.0.2.10-hotspot\bin\zip.dll
Event: 0.046 Loaded shared library C:\Program Files\Eclipse Adoptium\jdk-25.0.2.10-hotspot\bin\instrument.dll
Event: 0.053 Loaded shared library C:\Program Files\Eclipse Adoptium\jdk-25.0.2.10-hotspot\bin\net.dll
Event: 0.063 Loaded shared library C:\Program Files\Eclipse Adoptium\jdk-25.0.2.10-hotspot\bin\nio.dll
Event: 0.065 Loaded shared library C:\Program Files\Eclipse Adoptium\jdk-25.0.2.10-hotspot\bin\zip.dll
Event: 0.166 Loaded shared library C:\Program Files\Eclipse Adoptium\jdk-25.0.2.10-hotspot\bin\jimage.dll
Event: 0.241 Loaded shared library C:\Program Files\Eclipse Adoptium\jdk-25.0.2.10-hotspot\bin\verify.dll
Event: 0.251 Loaded shared library C:\Users\LJGYX\.gradle\native\660c5614fbf4a5f2a75b1949f50a0caf5cd603558e7d8a26e50b933a0cfb79d1\windows-amd64\native-platform.dll
Event: 0.265 Loaded shared library C:\Users\LJGYX\.gradle\native\0.2.8\x86_64-windows-gnu\gradle-fileevents.dll
Event: 0.698 Loaded shared library C:\Program Files\Eclipse Adoptium\jdk-25.0.2.10-hotspot\bin\management.dll
Event: 0.707 Loaded shared library C:\Program Files\Eclipse Adoptium\jdk-25.0.2.10-hotspot\bin\management_ext.dll
Event: 0.791 Loaded shared library C:\Program Files\Eclipse Adoptium\jdk-25.0.2.10-hotspot\bin\extnet.dll
Event: 0.896 Loaded shared library C:\Program Files\Eclipse Adoptium\jdk-25.0.2.10-hotspot\bin\sunmscapi.dll

Deoptimization events (20 events):
Event: 49.411 Thread 0x00000000748de6f0 DEOPT PACKING pc=0x000000000c82ddac sp=0x00000001070fb260
Event: 49.411 Thread 0x00000000748de6f0 DEOPT UNPACKING pc=0x0000000012d61702 sp=0x00000001070fa728 mode 0
Event: 49.424 Thread 0x00000000748e1da0 DEOPT PACKING pc=0x000000000d311842 sp=0x00000001073fa560
Event: 49.424 Thread 0x00000000748e1da0 DEOPT UNPACKING pc=0x0000000012d61702 sp=0x00000001073f9cf0 mode 0
Event: 49.458 Thread 0x00000000748de6f0 Uncommon trap: trap_request=0xffffff45 fr.pc=0x0000000013af4a08 relative=0x0000000000000108
Event: 49.458 Thread 0x00000000748de6f0 Uncommon trap: reason=unstable_if action=reinterpret pc=0x0000000013af4a08 method=org.gradle.internal.classpath.transforms.LambdaSerializationTransformer.isPrimitiveArgument(Lorg/objectweb/asm/Type;)Z @ 4 c2
Event: 49.458 Thread 0x00000000748de6f0 DEOPT PACKING pc=0x0000000013af4a08 sp=0x00000001070fa730
Event: 49.458 Thread 0x00000000748de6f0 DEOPT UNPACKING pc=0x0000000012e2f582 sp=0x00000001070fa5b8 mode 2
Event: 49.458 Thread 0x00000000748de6f0 Uncommon trap: trap_request=0xffffff45 fr.pc=0x0000000013acfd64 relative=0x00000000000007e4
Event: 49.458 Thread 0x00000000748de6f0 Uncommon trap: reason=unstable_if action=reinterpret pc=0x0000000013acfd64 method=org.gradle.model.internal.asm.MethodVisitorScope._UNBOX(Lorg/objectweb/asm/Type;)V @ 4 c2
Event: 49.458 Thread 0x00000000748de6f0 DEOPT PACKING pc=0x0000000013acfd64 sp=0x00000001070fa6e0
Event: 49.458 Thread 0x00000000748de6f0 DEOPT UNPACKING pc=0x0000000012e2f582 sp=0x00000001070fa6c0 mode 2
Event: 49.458 Thread 0x00000000748de6f0 Uncommon trap: trap_request=0xffffff45 fr.pc=0x0000000013a55df4 relative=0x0000000000000074
Event: 49.458 Thread 0x00000000748de6f0 Uncommon trap: reason=unstable_if action=reinterpret pc=0x0000000013a55df4 method=org.gradle.internal.classpath.transforms.LambdaSerializationTransformer.isPrimitiveArgument(Lorg/objectweb/asm/Type;)Z @ 4 c2
Event: 49.458 Thread 0x00000000748de6f0 DEOPT PACKING pc=0x0000000013a55df4 sp=0x00000001070fa620
Event: 49.458 Thread 0x00000000748de6f0 DEOPT UNPACKING pc=0x0000000012e2f582 sp=0x00000001070fa5b0 mode 2
Event: 49.483 Thread 0x00000000748e3ce0 Uncommon trap: trap_request=0xffffff45 fr.pc=0x0000000013664280 relative=0x0000000000000380
Event: 49.483 Thread 0x00000000748e3ce0 Uncommon trap: reason=unstable_if action=reinterpret pc=0x0000000013664280 method=org.gradle.internal.classpath.generated.InterceptorDeclaration_PropertyUpgradesJvmBytecode_LanguageJvm.visitMethodInsn(Lorg/gradle/model/internal/asm/MethodVisitorScope;Ljav
Event: 49.483 Thread 0x00000000748e3ce0 DEOPT PACKING pc=0x0000000013664280 sp=0x000000010983a8f0
Event: 49.483 Thread 0x00000000748e3ce0 DEOPT UNPACKING pc=0x0000000012e2f582 sp=0x000000010983a858 mode 2

Classes loaded (20 events):
Event: 19.361 Loading class java/util/function/LongUnaryOperator
Event: 19.361 Loading class java/util/function/LongUnaryOperator done
Event: 19.396 Loading class java/lang/StringBeanInfo
Event: 19.396 Loading class java/lang/StringBeanInfo done
Event: 19.397 Loading class java/lang/StringBeanInfo
Event: 19.397 Loading class java/lang/StringBeanInfo done
Event: 19.397 Loading class java/lang/StringCustomizer
Event: 19.397 Loading class java/lang/StringCustomizer done
Event: 19.397 Loading class java/lang/StringCustomizer
Event: 19.397 Loading class java/lang/StringCustomizer done
Event: 19.398 Loading class java/io/FileBeanInfo
Event: 19.398 Loading class java/io/FileBeanInfo done
Event: 19.399 Loading class java/io/FileBeanInfo
Event: 19.399 Loading class java/io/FileBeanInfo done
Event: 19.399 Loading class java/io/FileCustomizer
Event: 19.399 Loading class java/io/FileCustomizer done
Event: 19.399 Loading class java/io/FileCustomizer
Event: 19.399 Loading class java/io/FileCustomizer done
Event: 19.435 Loading class java/util/TreeMap$KeySpliterator
Event: 19.435 Loading class java/util/TreeMap$KeySpliterator done

Classes unloaded (20 events):
Event: 11.178 Thread 0x0000000020f49e90 Unloading class 0x00000000347a6c00 '_BuildScript_$_run_closure1$_closure2$_closure3'
Event: 11.178 Thread 0x0000000020f49e90 Unloading class 0x00000000347a78f0 '_BuildScript_$_run_closure1$_closure2'
Event: 11.178 Thread 0x0000000020f49e90 Unloading class 0x00000000347a7500 '_BuildScript_$_run_closure1'
Event: 11.178 Thread 0x0000000020f49e90 Unloading class 0x00000000347a7000 '_BuildScript_'
Event: 11.178 Thread 0x0000000020f49e90 Unloading class 0x00000000347a13f8 '_BuildScript_$_run_closure1$_closure2$_closure3$_closure4'
Event: 11.178 Thread 0x0000000020f49e90 Unloading class 0x00000000347a1000 '_BuildScript_$_run_closure1$_closure2$_closure3'
Event: 11.178 Thread 0x0000000020f49e90 Unloading class 0x00000000347a08f0 '_BuildScript_$_run_closure1$_closure2'
Event: 11.178 Thread 0x0000000020f49e90 Unloading class 0x00000000347a0500 '_BuildScript_$_run_closure1'
Event: 11.178 Thread 0x0000000020f49e90 Unloading class 0x00000000347a0000 '_BuildScript_'
Event: 11.178 Thread 0x0000000020f49e90 Unloading class 0x000000003479a000 '_BuildScript_$_run_closure1$_closure2'
Event: 11.178 Thread 0x0000000020f49e90 Unloading class 0x00000000347998f8 '_BuildScript_$_run_closure1'
Event: 11.178 Thread 0x0000000020f49e90 Unloading class 0x00000000347993f8 '_BuildScript_'
Event: 11.178 Thread 0x0000000020f49e90 Unloading class 0x0000000034799000 'ProtobufPatchPlugin$_apply_closure1$_closure2$_closure3$_closure4'
Event: 11.178 Thread 0x0000000020f49e90 Unloading class 0x0000000034798ac8 'ProtobufPatchPlugin$_apply_closure1$_closure2$_closure3'
Event: 11.178 Thread 0x0000000020f49e90 Unloading class 0x00000000347986d0 'ProtobufPatchPlugin$_apply_closure1$_closure2'
Event: 11.178 Thread 0x0000000020f49e90 Unloading class 0x00000000347982d8 'ProtobufPatchPlugin$_apply_closure1'
Event: 11.178 Thread 0x0000000020f49e90 Unloading class 0x0000000034798000 'ProtobufPatchPlugin'
Event: 11.178 Thread 0x0000000020f49e90 Unloading class 0x00000000347288f0 '_BuildScript_$_run_closure1$_closure2'
Event: 11.178 Thread 0x0000000020f49e90 Unloading class 0x0000000034728500 '_BuildScript_$_run_closure1'
Event: 11.178 Thread 0x0000000020f49e90 Unloading class 0x0000000034728000 '_BuildScript_'

Classes redefined (0 events):
No events

Internal exceptions (20 events):
Event: 49.425 Thread 0x00000000748ea270 Exception <a 'sun/nio/fs/WindowsException'{0x000000008cea70c8}> (0x000000008cea70c8) 
thrown [s\src\hotspot\share\prims\jni.cpp, line 516]
Event: 49.426 Thread 0x00000000748e63f0 Exception <a 'sun/nio/fs/WindowsException'{0x000000008c7b9ce0}> (0x000000008c7b9ce0) 
thrown [s\src\hotspot\share\prims\jni.cpp, line 516]
Event: 49.430 Thread 0x00000000748d23a0 Exception <a 'sun/nio/fs/WindowsException'{0x000000008c5a5068}> (0x000000008c5a5068) 
thrown [s\src\hotspot\share\prims\jni.cpp, line 516]
Event: 49.433 Thread 0x00000000748e63f0 Exception <a 'sun/nio/fs/WindowsException'{0x00000000ffd03428}> (0x00000000ffd03428) 
thrown [s\src\hotspot\share\prims\jni.cpp, line 516]
Event: 49.435 Thread 0x00000000748d4ab0 Exception <a 'sun/nio/fs/WindowsException'{0x00000000ffff5d90}> (0x00000000ffff5d90) 
thrown [s\src\hotspot\share\prims\jni.cpp, line 516]
Event: 49.438 Thread 0x00000000748d23a0 Exception <a 'sun/nio/fs/WindowsException'{0x00000000fffa5e88}> (0x00000000fffa5e88) 
thrown [s\src\hotspot\share\prims\jni.cpp, line 516]
Event: 49.438 Thread 0x00000000748e63f0 Exception <a 'sun/nio/fs/WindowsException'{0x00000000ffd32da8}> (0x00000000ffd32da8) 
thrown [s\src\hotspot\share\prims\jni.cpp, line 516]
Event: 49.439 Thread 0x00000000748d4ab0 Exception <a 'sun/nio/fs/WindowsException'{0x000000009a3c98a0}> (0x000000009a3c98a0) 
thrown [s\src\hotspot\share\prims\jni.cpp, line 516]
Event: 49.440 Thread 0x00000000748da0a0 Exception <a 'sun/nio/fs/WindowsException'{0x000000009a20d2f0}> (0x000000009a20d2f0) 
thrown [s\src\hotspot\share\prims\jni.cpp, line 516]
Event: 49.441 Thread 0x00000000748d23a0 Exception <a 'sun/nio/fs/WindowsException'{0x00000000fffb5ea8}> (0x00000000fffb5ea8) 
thrown [s\src\hotspot\share\prims\jni.cpp, line 516]
Event: 49.443 Thread 0x00000000748ea270 Exception <a 'sun/nio/fs/WindowsException'{0x000000009a79bae0}> (0x000000009a79bae0) 
thrown [s\src\hotspot\share\prims\jni.cpp, line 516]
Event: 49.443 Thread 0x00000000748d4ab0 Exception <a 'sun/nio/fs/WindowsException'{0x000000009a3d98e8}> (0x000000009a3d98e8) 
thrown [s\src\hotspot\share\prims\jni.cpp, line 516]
Event: 49.446 Thread 0x00000000748e63f0 Exception <a 'sun/nio/fs/WindowsException'{0x0000000099c8f578}> (0x0000000099c8f578) 
thrown [s\src\hotspot\share\prims\jni.cpp, line 516]
Event: 49.448 Thread 0x00000000748e1da0 Exception <a 'sun/nio/fs/WindowsException'{0x0000000098f4b7b0}> (0x0000000098f4b7b0) 
thrown [s\src\hotspot\share\prims\jni.cpp, line 516]
Event: 49.450 Thread 0x00000000748e63f0 Exception <a 'sun/nio/fs/WindowsException'{0x0000000098294bf0}> (0x0000000098294bf0) 
thrown [s\src\hotspot\share\prims\jni.cpp, line 516]
Event: 49.450 Thread 0x00000000748ec1b0 Exception <a 'sun/nio/fs/WindowsException'{0x0000000098bdca70}> (0x0000000098bdca70) 
thrown [s\src\hotspot\share\prims\jni.cpp, line 516]
Event: 49.452 Thread 0x00000000748e63f0 Exception <a 'sun/nio/fs/WindowsException'{0x00000000982a4d78}> (0x00000000982a4d78) 
thrown [s\src\hotspot\share\prims\jni.cpp, line 516]
Event: 49.455 Thread 0x00000000748d4ab0 Exception <a 'sun/nio/fs/WindowsException'{0x00000000974d4600}> (0x00000000974d4600) 
thrown [s\src\hotspot\share\prims\jni.cpp, line 516]
Event: 49.456 Thread 0x00000000748e5450 Exception <a 'sun/nio/fs/WindowsException'{0x0000000096e08578}> (0x0000000096e08578) 
thrown [s\src\hotspot\share\prims\jni.cpp, line 516]
Event: 49.477 Thread 0x00000000748e63f0 Exception <a 'sun/nio/fs/WindowsException'{0x0000000093bd45d8}> (0x0000000093bd45d8) 
thrown [s\src\hotspot\share\prims\jni.cpp, line 516]

VM Operations (20 events):
Event: 48.995 Executing safepoint VM operation: G1CollectForAllocation (G1 Evacuation Pause) done
Event: 49.083 Executing safepoint VM operation: G1CollectForAllocation (G1 Evacuation Pause)
Event: 49.086 Executing safepoint VM operation: G1CollectForAllocation (G1 Evacuation Pause) done
Event: 49.119 Executing safepoint VM operation: G1PauseRemark
Event: 49.122 Executing safepoint VM operation: G1PauseRemark done
Event: 49.134 Executing safepoint VM operation: G1PauseCleanup
Event: 49.134 Executing safepoint VM operation: G1PauseCleanup done
Event: 49.175 Executing safepoint VM operation: G1CollectForAllocation (G1 Evacuation Pause)
Event: 49.178 Executing safepoint VM operation: G1CollectForAllocation (G1 Evacuation Pause) done
Event: 49.270 Executing safepoint VM operation: G1CollectForAllocation (G1 Evacuation Pause)
Event: 49.273 Executing safepoint VM operation: G1CollectForAllocation (G1 Evacuation Pause) done
Event: 49.316 Executing safepoint VM operation: G1TryInitiateConcMark (G1 Humongous Allocation)
Event: 49.319 Executing safepoint VM operation: G1TryInitiateConcMark (G1 Humongous Allocation) done
Event: 49.356 Executing safepoint VM operation: G1PauseRemark
Event: 49.359 Executing safepoint VM operation: G1PauseRemark done
Event: 49.372 Executing safepoint VM operation: G1PauseCleanup
Event: 49.372 Executing safepoint VM operation: G1PauseCleanup done
Event: 49.430 Executing safepoint VM operation: G1CollectForAllocation (G1 Evacuation Pause)
Event: 49.433 Executing safepoint VM operation: G1CollectForAllocation (G1 Evacuation Pause) done
Event: 49.517 Executing safepoint VM operation: G1CollectForAllocation (G1 Evacuation Pause)

Memory protections (0 events):
No events

Nmethod flushes (20 events):
Event: 49.358 Thread 0x0000000020f49e90 flushing  nmethod 0x000000000be51a08
Event: 49.358 Thread 0x0000000020f49e90 flushing  nmethod 0x000000000c5e3b88
Event: 49.358 Thread 0x0000000020f49e90 flushing  nmethod 0x000000000d8fc708
Event: 49.358 Thread 0x0000000020f49e90 flushing  nmethod 0x000000000d920488
Event: 49.358 Thread 0x0000000020f49e90 flushing  nmethod 0x0000000013629488
Event: 49.358 Thread 0x0000000020f49e90 flushing  nmethod 0x0000000013706888
Event: 49.358 Thread 0x0000000020f49e90 flushing  nmethod 0x0000000013d76c08
Event: 49.358 Thread 0x0000000020f49e90 flushing  nmethod 0x0000000013d85c88
Event: 49.358 Thread 0x0000000020f49e90 flushing  nmethod 0x0000000013d8c308
Event: 49.358 Thread 0x0000000020f49e90 flushing  nmethod 0x000000000b8c0608
Event: 49.358 Thread 0x0000000020f49e90 flushing  nmethod 0x000000000c4a6588
Event: 49.358 Thread 0x0000000020f49e90 flushing  nmethod 0x000000000c8f5388
Event: 49.358 Thread 0x0000000020f49e90 flushing  nmethod 0x000000000d6a7588
Event: 49.358 Thread 0x0000000020f49e90 flushing  nmethod 0x000000000c0bfa08
Event: 49.358 Thread 0x0000000020f49e90 flushing  nmethod 0x000000000c4b5508
Event: 49.358 Thread 0x0000000020f49e90 flushing  nmethod 0x000000000c8bd708
Event: 49.358 Thread 0x0000000020f49e90 flushing  nmethod 0x000000000cc50c08
Event: 49.358 Thread 0x0000000020f49e90 flushing  nmethod 0x000000000d290a88
Event: 49.358 Thread 0x0000000020f49e90 flushing  nmethod 0x000000000d656188
Event: 49.358 Thread 0x0000000020f49e90 flushing  nmethod 0x000000000d8e6608

Events (20 events):
Event: 48.474 Thread 0x0000000029786c40 Thread added: 0x00000000748deec0
Event: 48.474 Thread 0x0000000029786c40 Thread added: 0x00000000748de6f0
Event: 48.474 Thread 0x0000000029786c40 Thread added: 0x00000000748df690
Event: 48.474 Thread 0x0000000029786c40 Thread added: 0x00000000748e0e00
Event: 48.474 Thread 0x0000000029786c40 Thread added: 0x00000000748e1da0
Event: 48.474 Thread 0x0000000029786c40 Thread added: 0x00000000748dfe60
Event: 48.475 Thread 0x0000000029786c40 Thread added: 0x00000000748e5450
Event: 48.475 Thread 0x0000000029786c40 Thread added: 0x00000000748e63f0
Event: 48.475 Thread 0x0000000029786c40 Thread added: 0x00000000748e3ce0
Event: 48.475 Thread 0x0000000029786c40 Thread added: 0x00000000748e7b60
Event: 48.475 Thread 0x0000000029786c40 Thread added: 0x00000000748ea270
Event: 48.475 Thread 0x0000000029786c40 Thread added: 0x00000000748e8330
Event: 48.475 Thread 0x0000000029786c40 Thread added: 0x00000000748ec1b0
Event: 48.475 Thread 0x0000000029786c40 Thread added: 0x00000000748ec980
Event: 48.521 Thread 0x000000002effe820 Thread added: 0x000000002be46020
Event: 48.521 Thread 0x000000002effe820 Thread added: 0x000000002be46830
Event: 48.533 Thread 0x00000000262383f0 Thread added: 0x000000002be47040
Event: 48.555 Thread 0x000000002be447f0 Thread added: 0x000000002c002b00
Event: 48.565 Thread 0x000000002cc19230 Thread added: 0x000000002f000860
Event: 49.113 Thread 0x000000002f000860 Thread exited: 0x000000002f000860


Dynamic libraries:
0x00007ff7e8680000 - 0x00007ff7e868e000 	C:\Program Files\Eclipse Adoptium\jdk-25.0.2.10-hotspot\bin\java.exe
0x00007ffa40b00000 - 0x00007ffa40d67000 	C:\WINDOWS\SYSTEM32\ntdll.dll
0x00007ffa3f8d0000 - 0x00007ffa3f999000 	C:\WINDOWS\System32\KERNEL32.DLL
0x00007ffa3e120000 - 0x00007ffa3e514000 	C:\WINDOWS\System32\KERNELBASE.dll
0x00007ffa3d530000 - 0x00007ffa3d67b000 	C:\WINDOWS\System32\ucrtbase.dll
0x00007ffa0b7a0000 - 0x00007ffa0b7be000 	C:\Program Files\Eclipse Adoptium\jdk-25.0.2.10-hotspot\bin\VCRUNTIME140.dll
0x00007ffa0b590000 - 0x00007ffa0b5a6000 	C:\Program Files\Eclipse Adoptium\jdk-25.0.2.10-hotspot\bin\jli.dll
0x00007ffa3eae0000 - 0x00007ffa3eca5000 	C:\WINDOWS\System32\USER32.dll
0x00007ffa26520000 - 0x00007ffa267b3000 	C:\WINDOWS\WinSxS\amd64_microsoft.windows.common-controls_6595b64144ccf1df_6.0.26100.8115_none_3e075c82e3354f9c\COMCTL32.dll
0x00007ffa3e0f0000 - 0x00007ffa3e117000 	C:\WINDOWS\System32\win32u.dll
0x00007ffa3fd90000 - 0x00007ffa3fe39000 	C:\WINDOWS\System32\msvcrt.dll
0x00007ffa3edc0000 - 0x00007ffa3edeb000 	C:\WINDOWS\System32\GDI32.dll
0x00007ffa3e520000 - 0x00007ffa3e64a000 	C:\WINDOWS\System32\gdi32full.dll
0x00007ffa3d480000 - 0x00007ffa3d523000 	C:\WINDOWS\System32\msvcp_win.dll
0x00007ffa3f710000 - 0x00007ffa3f742000 	C:\WINDOWS\System32\IMM32.DLL
0x00007ffa34f80000 - 0x00007ffa34f8c000 	C:\Program Files\Eclipse Adoptium\jdk-25.0.2.10-hotspot\bin\vcruntime140_1.dll
0x00007ffa087a0000 - 0x00007ffa0882d000 	C:\Program Files\Eclipse Adoptium\jdk-25.0.2.10-hotspot\bin\msvcp140.dll
0x00007ff987560000 - 0x00007ff988486000 	C:\Program Files\Eclipse Adoptium\jdk-25.0.2.10-hotspot\bin\server\jvm.dll
0x00007ffa409e0000 - 0x00007ffa40a96000 	C:\WINDOWS\System32\ADVAPI32.dll
0x00007ffa3f9a0000 - 0x00007ffa3fa47000 	C:\WINDOWS\System32\sechost.dll
0x00007ffa408c0000 - 0x00007ffa409d8000 	C:\WINDOWS\System32\RPCRT4.dll
0x00007ffa3fc30000 - 0x00007ffa3fcb0000 	C:\WINDOWS\System32\WS2_32.dll
0x00007ffa3d180000 - 0x00007ffa3d1de000 	C:\WINDOWS\SYSTEM32\POWRPROF.dll
0x00007ffa37220000 - 0x00007ffa3722b000 	C:\WINDOWS\SYSTEM32\VERSION.dll
0x00007ffa2eac0000 - 0x00007ffa2eaf6000 	C:\WINDOWS\SYSTEM32\WINMM.dll
0x00007ffa3d060000 - 0x00007ffa3d074000 	C:\WINDOWS\SYSTEM32\UMPDC.dll
0x00007ffa3c160000 - 0x00007ffa3c17b000 	C:\WINDOWS\SYSTEM32\kernel.appcore.dll
0x00007ffa12f70000 - 0x00007ffa12f7a000 	C:\Program Files\Eclipse Adoptium\jdk-25.0.2.10-hotspot\bin\jimage.dll
0x00007ffa29890000 - 0x00007ffa29ad2000 	C:\WINDOWS\SYSTEM32\DBGHELP.DLL
0x00007ffa3fe40000 - 0x00007ffa401c2000 	C:\WINDOWS\System32\combase.dll
0x00007ffa3e8c0000 - 0x00007ffa3e997000 	C:\WINDOWS\System32\OLEAUT32.dll
0x00007ffa2a980000 - 0x00007ffa2a9bb000 	C:\WINDOWS\SYSTEM32\dbgcore.DLL
0x00007ffa3d3d0000 - 0x00007ffa3d475000 	C:\WINDOWS\System32\bcryptPrimitives.dll
0x00007ffa12f50000 - 0x00007ffa12f5f000 	C:\Program Files\Eclipse Adoptium\jdk-25.0.2.10-hotspot\bin\instrument.dll
0x00007ffa08780000 - 0x00007ffa0879e000 	C:\Program Files\Eclipse Adoptium\jdk-25.0.2.10-hotspot\bin\java.dll
0x00007ffa3f570000 - 0x00007ffa3f707000 	C:\WINDOWS\System32\ole32.dll
0x00007ffa3ee00000 - 0x00007ffa3f566000 	C:\WINDOWS\System32\SHELL32.dll
0x00007ffa3def0000 - 0x00007ffa3e05a000 	C:\WINDOWS\System32\wintypes.dll
0x00007ffa3d680000 - 0x00007ffa3dee5000 	C:\WINDOWS\System32\windows.storage.dll
0x00007ffa3ecc0000 - 0x00007ffa3edb7000 	C:\WINDOWS\System32\SHCORE.dll
0x00007ffa3f850000 - 0x00007ffa3f8b6000 	C:\WINDOWS\System32\shlwapi.dll
0x00007ffa3d2c0000 - 0x00007ffa3d2e9000 	C:\WINDOWS\SYSTEM32\profapi.dll
0x00007ffa0b9a0000 - 0x00007ffa0b9b7000 	C:\Program Files\Eclipse Adoptium\jdk-25.0.2.10-hotspot\bin\zip.dll
0x00007ffa0b8d0000 - 0x00007ffa0b8e1000 	C:\Program Files\Eclipse Adoptium\jdk-25.0.2.10-hotspot\bin\net.dll
0x00007ffa3c6d0000 - 0x00007ffa3c73c000 	C:\WINDOWS\system32\mswsock.dll
0x00007ffa08830000 - 0x00007ffa08846000 	C:\Program Files\Eclipse Adoptium\jdk-25.0.2.10-hotspot\bin\nio.dll
0x00007ffa36630000 - 0x00007ffa36640000 	C:\Program Files\Eclipse Adoptium\jdk-25.0.2.10-hotspot\bin\verify.dll
0x00007ffa122e0000 - 0x00007ffa12307000 	C:\Users\LJGYX\.gradle\native\660c5614fbf4a5f2a75b1949f50a0caf5cd603558e7d8a26e50b933a0cfb79d1\windows-amd64\native-platform.dll
0x00007ff9e3060000 - 0x00007ff9e30d7000 	C:\Users\LJGYX\.gradle\native\0.2.8\x86_64-windows-gnu\gradle-fileevents.dll
0x00007ffa12f60000 - 0x00007ffa12f6a000 	C:\Program Files\Eclipse Adoptium\jdk-25.0.2.10-hotspot\bin\management.dll
0x00007ffa12a10000 - 0x00007ffa12a1c000 	C:\Program Files\Eclipse Adoptium\jdk-25.0.2.10-hotspot\bin\management_ext.dll
0x00007ffa401d0000 - 0x00007ffa401d8000 	C:\WINDOWS\System32\PSAPI.DLL
0x00007ffa3bb20000 - 0x00007ffa3bb52000 	C:\WINDOWS\SYSTEM32\IPHLPAPI.DLL
0x00007ffa3ecb0000 - 0x00007ffa3ecba000 	C:\WINDOWS\System32\NSI.dll
0x00007ffa122d0000 - 0x00007ffa122d9000 	C:\Program Files\Eclipse Adoptium\jdk-25.0.2.10-hotspot\bin\extnet.dll
0x00007ffa3c9b0000 - 0x00007ffa3c9cb000 	C:\WINDOWS\SYSTEM32\CRYPTSP.dll
0x00007ffa3c0c0000 - 0x00007ffa3c0f9000 	C:\WINDOWS\system32\rsaenh.dll
0x00007ffa3c780000 - 0x00007ffa3c7b3000 	C:\WINDOWS\SYSTEM32\USERENV.dll
0x00007ffa3d2f0000 - 0x00007ffa3d31a000 	C:\WINDOWS\SYSTEM32\bcrypt.dll
0x00007ffa3c9d0000 - 0x00007ffa3c9dc000 	C:\WINDOWS\SYSTEM32\CRYPTBASE.dll
0x00007ffa11b90000 - 0x00007ffa11b9e000 	C:\Program Files\Eclipse Adoptium\jdk-25.0.2.10-hotspot\bin\sunmscapi.dll
0x00007ffa3e710000 - 0x00007ffa3e887000 	C:\WINDOWS\System32\CRYPT32.dll
0x00007ffa3cbd0000 - 0x00007ffa3cc00000 	C:\WINDOWS\SYSTEM32\ncrypt.dll
0x00007ffa3cb80000 - 0x00007ffa3cbbf000 	C:\WINDOWS\SYSTEM32\NTASN1.dll
0x00007ffa11640000 - 0x00007ffa11648000 	C:\WINDOWS\system32\wshunix.dll
0x00007ffa3c280000 - 0x00007ffa3c2b6000 	C:\WINDOWS\SYSTEM32\ntmarta.dll
0x00007ffa3bb60000 - 0x00007ffa3bc92000 	C:\WINDOWS\SYSTEM32\DNSAPI.dll
0x00007ffa36260000 - 0x00007ffa3626b000 	C:\Windows\System32\rasadhlp.dll
0x00007ffa36e80000 - 0x00007ffa36f06000 	C:\WINDOWS\System32\fwpuclnt.dll

JVMTI agents:
C:\Users\LJGYX\.gradle\wrapper\dists\gradle-9.3.1-bin\23ovyewtku6u96viwx3xl3oks\gradle-9.3.1\lib\agents\gradle-instrumentation-agent-9.3.1.jar path:C:\Program Files\Eclipse Adoptium\jdk-25.0.2.10-hotspot\bin\instrument.dll, loaded, initialized, instrumentlib options:none

dbghelp: loaded successfully - version: 4.0.5 - missing functions: none
symbol engine: initialized successfully - sym options: 0x614 - pdb path: .;srv*C:\Symbols*https://msdl.microsoft.com/download/symbols;C:\Program Files\Eclipse Adoptium\jdk-25.0.2.10-hotspot\bin;C:\WINDOWS\SYSTEM32;C:\WINDOWS\WinSxS\amd64_microsoft.windows.common-controls_6595b64144ccf1df_6.0.26100.8115_none_3e075c82e3354f9c;C:\Program Files\Eclipse Adoptium\jdk-25.0.2.10-hotspot\bin\server;C:\Users\LJGYX\.gradle\native\660c5614fbf4a5f2a75b1949f50a0caf5cd603558e7d8a26e50b933a0cfb79d1\windows-amd64;C:\Users\LJGYX\.gradle\native\0.2.8\x86_64-windows-gnu

VM Arguments:
jvm_args: --add-opens=java.base/java.lang=ALL-UNNAMED --add-opens=java.base/java.lang.invoke=ALL-UNNAMED --add-opens=java.base/java.util=ALL-UNNAMED --add-opens=java.prefs/java.util.prefs=ALL-UNNAMED --add-exports=jdk.compiler/com.sun.tools.javac.api=ALL-UNNAMED --add-exports=jdk.compiler/com.sun.tools.javac.util=ALL-UNNAMED --add-opens=java.base/java.util=ALL-UNNAMED --add-opens=java.prefs/java.util.prefs=ALL-UNNAMED --add-opens=java.base/java.nio.charset=ALL-UNNAMED --add-opens=java.base/java.net=ALL-UNNAMED --add-opens=java.base/java.util.concurrent=ALL-UNNAMED --add-opens=java.base/java.util.concurrent.atomic=ALL-UNNAMED --add-opens=java.xml/javax.xml.namespace=ALL-UNNAMED --add-opens=java.base/java.time=ALL-UNNAMED --enable-native-access=ALL-UNNAMED -Xmx2048m -Dfile.encoding=UTF-8 -Duser.country=AU -Duser.language=en -Duser.variant -javaagent:C:\Users\LJGYX\.gradle\wrapper\dists\gradle-9.3.1-bin\23ovyewtku6u96viwx3xl3oks\gradle-9.3.1\lib\agents\gradle-instrumentation-agent-9.3.1.jar 
java_command: org.gradle.launcher.daemon.bootstrap.GradleDaemon 9.3.1
java_class_path (initial): C:\Users\LJGYX\.gradle\wrapper\dists\gradle-9.3.1-bin\23ovyewtku6u96viwx3xl3oks\gradle-9.3.1\lib\gradle-daemon-main-9.3.1.jar
Launcher Type: SUN_STANDARD

[Global flags]
     intx CICompilerCount                          = 12                                        {product} {ergonomic}
     uint ConcGCThreads                            = 5                                         {product} {ergonomic}
     uint G1ConcRefinementThreads                  = 18                                        {product} {ergonomic}
   size_t G1HeapRegionSize                         = 1048576                                   {product} {ergonomic}
   size_t InitialHeapSize                          = 534773760                                 {product} {ergonomic}
   size_t MarkStackSize                            = 4194304                                   {product} {ergonomic}
   size_t MarkStackSizeMax                         = 536870912                                 {product} {ergonomic}
   size_t MaxHeapSize                              = 2147483648                                {product} {command line}
   size_t MaxNewSize                               = 1287651328                                {product} {ergonomic}
   size_t MinHeapDeltaBytes                        = 1048576                                   {product} {ergonomic}
   size_t MinHeapSize                              = 8388608                                   {product} {ergonomic}
    uintx NonNMethodCodeHeapSize                   = 7602176                                {pd product} {ergonomic}
    uintx NonProfiledCodeHeapSize                  = 122093568                              {pd product} {ergonomic}
    uintx ProfiledCodeHeapSize                     = 121962496                              {pd product} {ergonomic}
    uintx ReservedCodeCacheSize                    = 251658240                              {pd product} {ergonomic}
     bool SegmentedCodeCache                       = true                                      {product} {ergonomic}
   size_t SoftMaxHeapSize                          = 2147483648                             {manageable} {ergonomic}
     bool UseCompressedOops                        = true                           {product lp64_product} {ergonomic}
     bool UseG1GC                                  = true                                      {product} {ergonomic}
     bool UseLargePagesIndividualAllocation        = false                                  {pd product} {ergonomic}

Logging:
Log output configuration:
 #0: stdout all=warning uptime,level,tags foldmultilines=false
 #1: stderr all=off uptime,level,tags foldmultilines=false

Release file:
IMPLEMENTOR="Eclipse Adoptium" 
IMPLEMENTOR_VERSION="Temurin-25.0.2+10" 
JAVA_RUNTIME_VERSION="25.0.2+10-LTS" 
JAVA_VERSION="25.0.2" 
JAVA_VERSION_DATE="2026-01-20" 
LIBC="default" 
MODULES="java.base java.compiler java.datatransfer java.xml java.prefs java.desktop java.instrument java.logging java.management java.security.sasl java.naming java.rmi java.management.rmi java.net.http java.scripting java.security.jgss java.transaction.xa java.sql java.sql.rowset java.xml.crypto java.se java.smartcardio jdk.accessibility jdk.internal.jvmstat jdk.attach jdk.charsets jdk.internal.opt jdk.zipfs jdk.compiler jdk.crypto.cryptoki jdk.crypto.ec jdk.crypto.mscapi jdk.dynalink jdk.internal.ed jdk.editpad jdk.internal.vm.ci jdk.graal.compiler jdk.graal.compiler.management jdk.hotspot.agent jdk.httpserver jdk.incubator.vector jdk.internal.le jdk.internal.md jdk.jartool jdk.javadoc jdk.jcmd jdk.management jdk.management.agent jdk.jconsole jdk.jdeps jdk.jdwp.agent jdk.jdi jdk.jfr jdk.jlink jdk.jpackage jdk.jshell jdk.jsobject jdk.jstatd jdk.localedata jdk.management.jfr jdk.naming.dns jdk.naming.rmi jdk.net jdk.nio.mapmode jdk.sctp jdk.security.auth jdk.security.jgss jdk.unsupported jdk.unsupported.desktop jdk.xml.dom" 
OS_ARCH="x86_64" 
OS_NAME="Windows" 
SOURCE=".:git:9e3c947043a4" 
BUILD_SOURCE="git:458965074606f027bd5afce2cfd5c1055dea0438"
BUILD_SOURCE_REPO="https://github.com/adoptium/temurin-build.git"
SOURCE_REPO="https://github.com/adoptium/jdk25u.git"
FULL_VERSION="25.0.2+10-LTS"
SEMANTIC_VERSION="25.0.2+10"
BUILD_INFO="OS: Windows Server 2022 Version: 10.0"
JVM_VARIANT="Hotspot"
JVM_VERSION="25.0.2+10-LTS"
IMAGE_TYPE="JDK"

Environment Variables:
PATH=C:\Program Files\Eclipse Adoptium\jdk-25.0.2.10-hotspot\bin;C:\Program Files (x86)\Common Files\Oracle\Java\java8path;C:\Program Files (x86)\Common Files\Oracle\Java\javapath;C:\WINDOWS\system32;C:\WINDOWS;C:\WINDOWS\System32\Wbem;C:\WINDOWS\system32\windowspowershell\v1.0\;C:\WINDOWS\system32\openssh\;c:\program files\dotnet\;C:\Users\LJGYX\AppData\Local\Programs\Python\Python312;C:\Users\LJGYX\AppData\Local\Programs\Python\Python312\Scripts;C:\Program Files (x86)\IDEMIA\AWP\Dlls;C:\Program Files\IDEMIA\AWP\Dlls;C:\Program Files\Git\cmd;C:\Program Files\NVIDIA Corporation\NVIDIA app\NvDLISR;C:\Program Files\Google\Chrome\Application;C:\Program Files\nodejs\;C:\WINDOWS\system32;C:\WINDOWS;C:\WINDOWS\System32\Wbem;C:\WINDOWS\System32\WindowsPowerShell\v1.0\;C:\WINDOWS\System32\OpenSSH\;C:\Program Files\cursor\resources\app\bin;C:\Program Files\Docker\Docker\resources\bin;C:\WINDOWS\system32\config\systemprofile\AppData\Local\Muse Hub\lib;C:\Program Files (x86)\Windows Kits\10\Windows Performance Toolkit\;C:\Program Files (x86)\NVIDIA Corporation\PhysX\Common;C:\Users\LJGYX\AppData\Local\Programs\Python\Python312\Scripts\;C:\Users\LJGYX\AppData\Local\Programs\Python\Python312\;C:\Users\LJGYX\AppData\Local\Programs\Python\Launcher\;C:\Users\LJGYX\AppData\Local\Microsoft\WindowsApps;C:\Users\LJGYX\AppData\Local\Programs\Microsoft VS Code\bin;C:\Program Files\JetBrains\IntelliJ IDEA 2024.2.1\bin;;D:\apache-maven-3.9.9\bin;C:\Users\LJGYX\AppData\Local\Programs\Python\Python310\Scripts;C:\ffmpeg\ffmpeg-master-latest-win64-gpl-shared\bin;C:\Users\LJGYX\AppData\Roaming\npm;C:\Users\LJGYX\AppData\Local\GitHubDesktop\bin;C:\Users\LJGYX\AppData\Local\Muse Hub\lib;C:\Users\LJGYX\AppData\Local\Programs\Antigravity\bin;C:\Users\LJGYX\AppData\Local\Programs\Warp\bin;C:\Users\LJGYX\.local\bin;
USERNAME=LJGYX
OS=Windows_NT
PROCESSOR_IDENTIFIER=Intel64 Family 6 Model 183 Stepping 1, GenuineIntel
TMP=C:\Users\LJGYX\AppData\Local\Temp
TEMP=C:\Users\LJGYX\AppData\Local\Temp




Compilation memory statistics disabled.

Periodic native trim disabled

---------------  S Y S T E M  ---------------

OS:
 Windows 11 , 64 bit Build 26100 (10.0.26100.8115)
OS uptime: 0 days 0:06 hours

CPU: total 24 (initial active 24) (12 cores per cpu, 2 threads per core) family 6 model 183 stepping 1 microcode 0x12b, cx8, cmov, fxsr, ht, mmx, 3dnowpref, sse, sse2, sse3, ssse3, sse4.1, sse4.2, popcnt, lzcnt, tsc, tscinvbit, avx, avx2, aes, erms, clmul, bmi1, bmi2, adx, sha, fma, vzeroupper, clflush, clflushopt, clwb, serialize, rdtscp, rdpid, fsrm, gfni, f16c, pku, cet_ibt, cet_ss
Processor Information for the first 24 processors :
  Max Mhz: 3400, Current Mhz: 3400, Mhz Limit: 3400

Memory: 4k page, system-wide physical 32581M (15699M free)
TotalPageFile size 68421M (AvailPageFile size 45076M)
current process WorkingSet (physical memory assigned to process): 899M, peak: 906M
current process commit charge ("private bytes"): 951M, peak: 969M

vm_info: OpenJDK 64-Bit Server VM (25.0.2+10-LTS) for windows-amd64 JRE (25.0.2+10-LTS), built on 2026-01-20T00:00:00Z with MS VC++ 17.12 (VS2022)

END.
